u,x,lnF
2.2250000000,-0.1500000000,-30.8316281371
2.2260006254,-0.1489993746,-30.8915494396
2.2270012508,-0.1479987492,-30.9562263419
2.2280018762,-0.1469981238,-31.0259083188
2.2290025016,-0.1459974984,-31.1009043753
2.2300031270,-0.1449968730,-31.1815954085
2.2310037523,-0.1439962477,-31.2684509993
2.2320043777,-0.1429956223,-31.3620524689
2.2330050031,-0.1419949969,-31.4631250361
2.2340056285,-0.1409943715,-31.5725835801
2.2350062539,-0.1399937461,-31.6915993961
2.2360068793,-0.1389931207,-31.8217005250
2.2370075047,-0.1379924953,-31.9649280779
2.2380081301,-0.1369918699,-32.1240907084
2.2390087555,-0.1359912445,-32.3032018669
2.2400093809,-0.1349906191,-32.5082842264
2.2410100063,-0.1339899937,-32.7489875476
2.2420106316,-0.1329893684,-33.0422641068
2.2430112570,-0.1319887430,-33.4223528545
2.2440118824,-0.1309881176,-33.9772775905
2.2450125078,-0.1299874922,-35.1094388749
2.2460131332,-0.1289868668,-35.2115161991
2.2470137586,-0.1279862414,-34.1511307086
2.2480143840,-0.1269856160,-33.6948478298
2.2490150094,-0.1259849906,-33.4177993165
2.2500156348,-0.1249843652,-33.2297019425
2.2510162602,-0.1239837398,-33.0959124188
2.2520168856,-0.1229831144,-32.9995249469
2.2530175109,-0.1219824891,-32.9311138070
2.2540181363,-0.1209818637,-32.8849862624
2.2550187617,-0.1199812383,-32.8575487276
2.2560193871,-0.1189806129,-32.8465085238
2.2570200125,-0.1179799875,-32.8504564313
2.2580206379,-0.1169793621,-32.8686450943
2.2590212633,-0.1159787367,-32.9008823166
2.2600218887,-0.1149781113,-32.9475050559
2.2610225141,-0.1139774859,-33.0094262942
2.2620231395,-0.1129768605,-33.0882690448
2.2630237649,-0.1119762351,-33.1866317630
2.2640243902,-0.1109756098,-33.3085869257
2.2650250156,-0.1099749844,-33.4606484225
2.2660256410,-0.1089743590,-33.6538058490
2.2670262664,-0.1079737336,-33.9083894734
2.2680268918,-0.1069731082,-34.2683133274
2.2690275172,-0.1059724828,-34.8609004141
2.2700281426,-0.1049718574,-36.6159169809
2.2710287680,-0.1039712320,-35.2670876569
2.2720293934,-0.1029706066,-34.4480680239
2.2730300188,-0.1019699812,-34.0039690352
2.2740306442,-0.1009693558,-33.6992889175
2.2750312695,-0.0999687305,-33.4688004362
2.2760318949,-0.0989681051,-33.2848927302
2.2770325203,-0.0979674797,-33.1332455585
2.2780331457,-0.0969668543,-33.0054581341
2.2790337711,-0.0959662289,-32.8961727400
2.2800343965,-0.0949656035,-32.8017587679
2.2810350219,-0.0939649781,-32.7196399698
2.2820356473,-0.0929643527,-32.6479209596
2.2830362727,-0.0919637273,-32.5851661526
2.2840368981,-0.0909631019,-32.5302620581
2.2850375235,-0.0899624765,-32.4823278203
2.2860381488,-0.0889618512,-32.4406550338
2.2870387742,-0.0879612258,-32.4046660345
2.2880393996,-0.0869606004,-32.3738842513
2.2890400250,-0.0859599750,-32.3479126619
2.2900406504,-0.0849593496,-32.3264178363
2.2910412758,-0.0839587242,-32.3091179187
2.2920419012,-0.0829580988,-32.2957734448
2.2930425266,-0.0819574734,-32.2861802341
2.2940431520,-0.0809568480,-32.2801638304
2.2950437774,-0.0799562226,-32.2775751121
2.2960444028,-0.0789555972,-32.2782868017
2.2970450281,-0.0779549719,-32.2821906759
2.2980456535,-0.0769543465,-32.2891953290
2.2990462789,-0.0759537211,-32.2992243804
2.3000469043,-0.0749530957,-32.3122150431
2.3010475297,-0.0739524703,-32.3281169926
2.3020481551,-0.0729518449,-32.3468914887
2.3030487805,-0.0719512195,-32.3685107162
2.3040494059,-0.0709505941,-32.3929573190
2.3050500313,-0.0699499687,-32.4202241119
2.3060506567,-0.0689493433,-32.4503139581
2.3070512821,-0.0679487179,-32.4832398097
2.3080519074,-0.0669480926,-32.5190249120
2.3090525328,-0.0659474672,-32.5577031795
2.3100531582,-0.0649468418,-32.5993197579
2.3110537836,-0.0639462164,-32.6439317936
2.3120544090,-0.0629455910,-32.6916094406
2.3130550344,-0.0619449656,-32.7424371464
2.3140556598,-0.0609443402,-32.7965152718
2.3150562852,-0.0599437148,-32.8539621194
2.3160569106,-0.0589430894,-32.9149164663
2.3170575360,-0.0579424640,-32.9795407340
2.3180581614,-0.0569418386,-33.0480249715
2.3190587867,-0.0559412133,-33.1205918907
2.3200594121,-0.0549405879,-33.1975032879
2.3210600375,-0.0539399625,-33.2790683127
2.3220606629,-0.0529393371,-33.3656542458
2.3230612883,-0.0519387117,-33.4577007395
2.3240619137,-0.0509380863,-33.5557389339
2.3250625391,-0.0499374609,-33.6604175869
2.3260631645,-0.0489368355,-33.7725395395
2.3270637899,-0.0479362101,-33.8931138424
2.3280644153,-0.0469355847,-34.0234323728
2.3290650407,-0.0459349593,-34.1651862022
2.3300656660,-0.0449343340,-34.3206493727
2.3310662914,-0.0439337086,-34.4929831893
2.3320669168,-0.0429330832,-34.6867704511
2.3330675422,-0.0419324578,-34.9090260084
2.3340681676,-0.0409318324,-35.1713064795
2.3350687930,-0.0399312070,-35.4947644118
2.3360694184,-0.0389305816,-35.9250689137
2.3370700438,-0.0379299562,-36.5962879490
2.3380706692,-0.0369293308,-38.5837377491
2.3390712946,-0.0359287054,-37.0512288214
2.3400719199,-0.0349280801,-36.3207819022
2.3410725453,-0.0339274547,-35.9470767736
2.3420731707,-0.0329268293,-35.7091278793
2.3430737961,-0.0319262039,-35.5443203085
2.3440744215,-0.0309255785,-35.4259975540
2.3450750469,-0.0299249531,-35.3403594581
2.3460756723,-0.0289243277,-35.2793778239
2.3470762977,-0.0279237023,-35.2380146184
2.3480769231,-0.0269230769,-35.2129461037
2.3490775485,-0.0259224515,-35.2019117186
2.3500781739,-0.0249218261,-35.2033556616
2.3510787992,-0.0239212008,-35.2162192205
2.3520794246,-0.0229205754,-35.2398173166
2.3530800500,-0.0219199500,-35.2737660623
2.3540806754,-0.0209193246,-35.3179443436
2.3550813008,-0.0199186992,-35.3724812338
2.3560819262,-0.0189180738,-35.4377666806
2.3570825516,-0.0179174484,-35.5144876102
2.3580831770,-0.0169168230,-35.6036970737
2.3590838024,-0.0159161976,-35.7069324608
2.3600844278,-0.0149155722,-35.8264141164
2.3610850532,-0.0139149468,-35.9653869011
2.3620856785,-0.0129143215,-36.1287372696
2.3630863039,-0.0119136961,-36.3241931518
2.3640869293,-0.0109130707,-36.5649119185
2.3650875547,-0.0099124453,-36.8759658657
2.3660881801,-0.0089118199,-37.3149258382
2.3670888055,-0.0079111945,-38.0744233277
2.3680894309,-0.0069105691,-40.4969714709
2.3690900563,-0.0059099437,-37.9593749454
2.3700906817,-0.0049093183,-37.3354984955
2.3710913071,-0.0039086929,-36.9761870405
2.3720919325,-0.0029080675,-36.7306956973
2.3730925578,-0.0019074422,-36.5497441522
2.3740931832,-0.0009068168,-36.4109729372
2.3750938086,0.0000938086,-36.3023402580
2.3760944340,0.0010944340,-36.2166284420
2.3770950594,0.0020950594,-36.1491844913
2.3780956848,0.0030956848,-36.0968493607
2.3790963102,0.0040963102,-36.0573969487
2.3800969356,0.0050969356,-36.0292173473
2.3810975610,0.0060975610,-36.0111275375
2.3820981864,0.0070981864,-36.0022532900
2.3830988118,0.0080988118,-36.0019532230
2.3840994371,0.0090994371,-36.0097691790
2.3851000625,0.0101000625,-36.0253939316
2.3861006879,0.0111006879,-36.0486510212
2.3871013133,0.0121013133,-36.0794837539
2.3881019387,0.0131019387,-36.1179518460
2.3891025641,0.0141025641,-36.1642352669
2.3901031895,0.0151031895,-36.2186458043
2.3911038149,0.0161038149,-36.2816479608
2.3921044403,0.0171044403,-36.3538922878
2.3931050657,0.0181050657,-36.4362665825
2.3941056911,0.0191056911,-36.5299743300
2.3951063164,0.0201063164,-36.6366569727
2.3961069418,0.0211069418,-36.7585905233
2.3971075672,0.0221075672,-36.8990159025
2.3981081926,0.0231081926,-37.0627271146
2.3991088180,0.0241088180,-37.2572015862
2.4001094434,0.0251094434,-37.4950078990
2.4011100688,0.0261100688,-37.7997402975
2.4021106942,0.0271106942,-38.2243582211
2.4031113196,0.0281113196,-38.9374568944
2.4041119450,0.0291119450,-44.2333483525
2.4051125704,0.0301125704,-39.0003374776
2.4061131957,0.0311131957,-38.3346232756
2.4071138211,0.0321138211,-37.9608360909
2.4081144465,0.0331144465,-37.7077990598
2.4091150719,0.0341150719,-37.5220375530
2.4101156973,0.0351156973,-37.3797866706
2.4111163227,0.0361163227,-37.2684057711
2.4121169481,0.0371169481,-37.1803825295
2.4131175735,0.0381175735,-37.1109047814
2.4141181989,0.0391181989,-37.0567220801
2.4151188243,0.0401188243,-37.0155539142
2.4161194497,0.0411194497,-36.9857576595
2.4171200750,0.0421200750,-36.9661311598
2.4181207004,0.0431207004,-36.9557901409
2.4191213258,0.0441213258,-36.9540897590
2.4201219512,0.0451219512,-36.9605736347
2.4211225766,0.0461225766,-36.9749409743
2.4221232020,0.0471232020,-36.9970263866
2.4231238274,0.0481238274,-37.0267893613
2.4241244528,0.0491244528,-37.0643119229
2.4251250782,0.0501250782,-37.1098041399
2.4261257036,0.0511257036,-37.1636182604
2.4271263290,0.0521263290,-37.2262735233
2.4281269543,0.0531269543,-37.2984955066
2.4291275797,0.0541275797,-37.3812767730
2.4301282051,0.0551282051,-37.4759706344
2.4311288305,0.0561288305,-37.5844392780
2.4321294559,0.0571294559,-37.7092962391
2.4331300813,0.0581300813,-37.8543232346
2.4341307067,0.0591307067,-38.0252346614
2.4351313321,0.0601313321,-38.2312056133
2.4361319575,0.0611319575,-38.4883087624
2.4371325829,0.0621325829,-38.8287026921
2.4381332083,0.0631332083,-39.3332582291
2.4391338336,0.0641338336,-40.3459118539
2.4401344590,0.0651344590,-40.7186910550
2.4411350844,0.0661350844,-39.5111756578
2.4421357098,0.0671357098,-39.0009925561
2.4431363352,0.0681363352,-38.6814916394
2.4441369606,0.0691369606,-38.4539669153
2.4451375860,0.0701375860,-38.2813645869
2.4461382114,0.0711382114,-38.1456927281
2.4471388368,0.0721388368,-38.0368448834
2.4481394622,0.0731394622,-37.9485782972
2.4491400876,0.0741400876,-37.8767696915
2.4501407129,0.0751407129,-37.8185572219
2.4511413383,0.0761413383,-37.7718778861
2.4521419637,0.0771419637,-37.7352000847
2.4531425891,0.0781425891,-37.7073602508
2.4541432145,0.0791432145,-37.6874585181
2.4551438399,0.0801438399,-37.6747896218
2.4561444653,0.0811444653,-37.6687957424
2.4571450907,0.0821450907,-37.6690335229
2.4581457161,0.0831457161,-37.6751505423
2.4591463415,0.0841463415,-37.6868682856
2.4601469669,0.0851469669,-37.7039697021
2.4611475922,0.0861475922,-37.7262900977
2.4621482176,0.0871482176,-37.7537105202
2.4631488430,0.0881488430,-37.7861530747
2.4641494684,0.0891494684,-37.8235777925
2.4651500938,0.0901500938,-37.8659808135
2.4661507192,0.0911507192,-37.9133937437
2.4671513446,0.0921513446,-37.9658841362
2.4681519700,0.0931519700,-38.0235571214
2.4691525954,0.0941525954,-38.0865582951
2.4701532208,0.0951532208,-38.1550780676
2.4711538462,0.0961538462,-38.2293577967
2.4721544715,0.0971544715,-38.3096981960
2.4731550969,0.0981550969,-38.3964707447
2.4741557223,0.0991557223,-38.4901331800
2.4751563477,0.1001563477,-38.5912507030
2.4761569731,0.1011569731,-38.7005253994
2.4771575985,0.1021575985,-38.8188378184
2.4781582239,0.1031582239,-38.9473071078
2.4791588493,0.1041588493,-39.0873804814
2.4801594747,0.1051594747,-39.2409709470
2.4811601001,0.1061601001,-39.4106783018
2.4821607255,0.1071607255,-39.6001622577
2.4831613508,0.1081613508,-39.8148139497
2.4841619762,0.1091619762,-40.0630682581
2.4851626016,0.1101626016,-40.3592693062
2.4861632270,0.1111632270,-40.7310046082
2.4871638524,0.1121638524,-41.2432642923
2.4881644778,0.1131644778,-42.1296590714
2.4891651032,0.1141651032,-43.5824515026
2.4901657286,0.1151657286,-41.8817269714
2.4911663540,0.1161663540,-41.3643573078
2.4921669794,0.1171669794,-41.0833462660
2.4931676048,0.1181676048,-40.9108256262
2.4941682301,0.1191682301,-40.8030650244
2.4951688555,0.1201688555,-40.7401456394
2.4961694809,0.1211694809,-40.7116655603
2.4971701063,0.1221701063,-40.7119052202
2.4981707317,0.1231707317,-40.7378674488
2.4991713571,0.1241713571,-40.7884374411
2.5001719825,0.1251719825,-40.8640986537
2.5011726079,0.1261726079,-40.9670426871
2.5021732333,0.1271732333,-41.1017337252
2.5031738587,0.1281738587,-41.2762748893
2.5041744841,0.1291744841,-41.5056412988
2.5051751094,0.1301751094,-41.8203899007
2.5061757348,0.1311757348,-42.2972242431
2.5071763602,0.1321763602,-43.2513085187
2.5081769856,0.1331769856,-43.7969974554
2.5091776110,0.1341776110,-42.5011192087
2.5101782364,0.1351782364,-41.9727096140
2.5111788618,0.1361788618,-41.6454331635
2.5121794872,0.1371794872,-41.4152297389
2.5131801126,0.1381801126,-41.2436596437
2.5141807380,0.1391807380,-41.1122367844
2.5151813634,0.1401813634,-41.0106740579
2.5161819887,0.1411819887,-40.9326986583
2.5171826141,0.1421826141,-40.8742519123
2.5181832395,0.1431832395,-40.8326115984
2.5191838649,0.1441838649,-40.8059253775
2.5201844903,0.1451844903,-40.7929482880
2.5211851157,0.1461851157,-40.7928913336
2.5221857411,0.1471857411,-40.8053365051
2.5231863665,0.1481863665,-40.8301964492
2.5241869919,0.1491869919,-40.8677093814
2.5251876173,0.1501876173,-40.9184682028
2.5261882427,0.1511882427,-40.9834907165
2.5271888680,0.1521888680,-41.0643486905
2.5281894934,0.1531894934,-41.1633926005
2.5291901188,0.1541901188,-41.2841479592
2.5301907442,0.1551907442,-41.4320486741
2.5311913696,0.1561913696,-41.6159034639
2.5321919950,0.1571919950,-41.8511783396
2.5331926204,0.1581926204,-42.1686858014
2.5341932458,0.1591932458,-42.6448665857
2.5351938712,0.1601938712,-43.5908307727
2.5361944966,0.1611944966,-44.1638937518
2.5371951220,0.1621951220,-42.8484991588
2.5381957473,0.1631957473,-42.3107912476
2.5391963727,0.1641963727,-41.9737417142
2.5401969981,0.1651969981,-41.7324118685
2.5411976235,0.1661976235,-41.5481224252
2.5421982489,0.1671982489,-41.4022601930
2.5431988743,0.1681988743,-41.2844249273
2.5441994997,0.1691994997,-41.1882147929
2.5452001251,0.1702001251,-41.1094125048
2.5462007505,0.1712007505,-41.0450978472
2.5472013759,0.1722013759,-40.9931711779
2.5482020013,0.1732020013,-40.9520788813
2.5492026266,0.1742026266,-40.9206461751
2.5502032520,0.1752032520,-40.8979706858
2.5512038774,0.1762038774,-40.8833522487
2.5522045028,0.1772045028,-40.8762452719
2.5532051282,0.1782051282,-40.8762257087
2.5542057536,0.1792057536,-40.8829678283
2.5552063790,0.1802063790,-40.8962277930
2.5562070044,0.1812070044,-40.9158321379
2.5572076298,0.1822076298,-40.9416699329
2.5582082552,0.1832082552,-40.9736878562
2.5592088806,0.1842088806,-41.0118877169
2.5602095059,0.1852095059,-41.0563262002
2.5612101313,0.1862101313,-41.1071168087
2.5622107567,0.1872107567,-41.1644341670
2.5632113821,0.1882113821,-41.2285210766
2.5642120075,0.1892120075,-41.2996989942
2.5652126329,0.1902126329,-41.3783830021
2.5662132583,0.1912132583,-41.4651029403
2.5672138837,0.1922138837,-41.5605333159
2.5682145091,0.1932145091,-41.6655361537
2.5692151345,0.1942151345,-41.7812236164
2.5702157598,0.1952157598,-41.9090519685
2.5712163852,0.1962163852,-42.0509673825
2.5722170106,0.1972170106,-42.2096418027
2.5732176360,0.1982176360,-42.3888747961
2.5742182614,0.1992182614,-42.5943246033
2.5752188868,0.2002188868,-42.8349565349
2.5762195122,0.2012195122,-43.1262649709
2.5772201376,0.2022201376,-43.4987505624
2.5782207630,0.2032207630,-44.0271987247
2.5792213884,0.2042213884,-45.0094033989
2.5802220138,0.2052220138,-45.7441798520
2.5812226391,0.2062226391,-44.4390399635
2.5822232645,0.2072232645,-43.9549905298
2.5832238899,0.2082238899,-43.6775671461
2.5842245153,0.2092245153,-43.4991350019
2.5852251407,0.2102251407,-43.3806351457
2.5862257661,0.2112257661,-43.3036168716
2.5872263915,0.2122263915,-43.2580742111
2.5882270169,0.2132270169,-43.2381633008
2.5892276423,0.2142276423,-43.2403889779
2.5902282677,0.2152282677,-43.2627508965
2.5912288931,0.2162288931,-43.3043296724
2.5922295184,0.2172295184,-43.3651130780
2.5932301438,0.2182301438,-43.4459896948
2.5942307692,0.2192307692,-43.5489074469
2.5952313946,0.2202313946,-43.6772625699
2.5962320200,0.2212320200,-43.8367039147
2.5972326454,0.2222326454,-44.0368308988
2.5982332708,0.2232332708,-44.2951570892
2.5992338962,0.2242338962,-44.6481509906
2.6002345216,0.2252345216,-45.1931965014
2.6012351470,0.2262351470,-46.4253939677
2.6022357724,0.2272357724,-46.1334989340
2.6032363977,0.2282363977,-45.1561353165
2.6042370231,0.2292370231,-44.6969639594
2.6052376485,0.2302376485,-44.4054617354
2.6062382739,0.2312382739,-44.1998682676
2.6072388993,0.2322388993,-44.0477476726
2.6082395247,0.2332395247,-43.9329113613
2.6092401501,0.2342401501,-43.8461353718
2.6102407755,0.2352407755,-43.7816953587
2.6112414009,0.2362414009,-43.7358287326
2.6122420263,0.2372420263,-43.7059669706
2.6132426517,0.2382426517,-43.6903187411
2.6142432770,0.2392432770,-43.6876294063
2.6152439024,0.2402439024,-43.6970366177
2.6162445278,0.2412445278,-43.7179821869
2.6172451532,0.2422451532,-43.7501594722
2.6182457786,0.2432457786,-43.7934853144
2.6192464040,0.2442464040,-43.8480911246
2.6202470294,0.2452470294,-43.9143314431
2.6212476548,0.2462476548,-43.9928114443
2.6222482802,0.2472482802,-44.0844385018
2.6232489056,0.2482489056,-44.1905083038
2.6242495310,0.2492495310,-44.3128453644
2.6252501563,0.2502501563,-44.4540358765
2.6262507817,0.2512507817,-44.6178290076
2.6272514071,0.2522514071,-44.8098708688
2.6282520325,0.2532520325,-45.0391624788
2.6292526579,0.2542526579,-45.3213083745
2.6302532833,0.2552532833,-45.6870791643
2.6312539087,0.2562539087,-46.2120765601
2.6322545341,0.2572545341,-47.1993368224
2.6332551595,0.2582551595,-47.8934914568
2.6342557849,0.2592557849,-46.6098846797
2.6352564103,0.2602564103,-46.1337996759
2.6362570356,0.2612570356,-45.8661800376
2.6372576610,0.2622576610,-45.7011852197
2.6382582864,0.2632582864,-45.6008809830
2.6392589118,0.2642589118,-45.5480624916
2.6402595372,0.2652595372,-45.5343688910
2.6412601626,0.2662601626,-45.5562889524
2.6422607880,0.2672607880,-45.6138074701
2.6432614134,0.2682614134,-45.7104051719
2.6442620388,0.2692620388,-45.8544122184
2.6452626642,0.2702626642,-46.0630028271
2.6462632896,0.2712632896,-46.3740825522
2.6472639149,0.2722639149,-46.8934770419
2.6482645403,0.2732645403,-48.2204655926
2.6492651657,0.2742651657,-47.5683854551
2.6502657911,0.2752657911,-46.6237497999
2.6512664165,0.2762664165,-46.1409125552
2.6522670419,0.2772670419,-45.8168759397
2.6532676673,0.2782676673,-45.5759917657
2.6542682927,0.2792682927,-45.3874267531
2.6552689181,0.2802689181,-45.2355029783
2.6562695435,0.2812695435,-45.1111351366
2.6572701689,0.2822701689,-45.0085803479
2.6582707942,0.2832707942,-44.9239778475
2.6592714196,0.2842714196,-44.8546119525
2.6602720450,0.2852720450,-44.7985068428
2.6612726704,0.2862726704,-44.7541886818
2.6622732958,0.2872732958,-44.7205386032
2.6632739212,0.2882739212,-44.6966980929
2.6642745466,0.2892745466,-44.6820061442
2.6652751720,0.2902751720,-44.6759565580
2.6662757974,0.2912757974,-44.6781685527
2.6672764228,0.2922764228,-44.6883665447
2.6682770482,0.2932770482,-44.7063665444
2.6692776735,0.2942776735,-44.7320675988
2.6702782989,0.2952782989,-44.7654473601
2.6712789243,0.2962789243,-44.8065613327
2.6722795497,0.2972795497,-44.8555457344
2.6732801751,0.2982801751,-44.9126242870
2.6742808005,0.2992808005,-44.9781196873
2.6752814259,0.3002814259,-45.0524710878
2.6762820513,0.3012820513,-45.1362597805
2.6772826767,0.3022826767,-45.2302466361
2.6782833021,0.3032833021,-45.3354271324
2.6792839275,0.3042839275,-45.4531138092
2.6802845528,0.3052845528,-45.5850633740
2.6812851782,0.3062851782,-45.7336800935
2.6822858036,0.3072858036,-45.9023571099
2.6832864290,0.3082864290,-46.0960849407
2.6842870544,0.3092870544,-46.3226247878
2.6852876798,0.3102876798,-46.5950217888
2.6862883052,0.3112883052,-46.9378544894
2.6872889306,0.3122889306,-47.4068392485
2.6882895560,0.3132895560,-48.1841070604
2.6892901814,0.3142901814,-51.2775239515
2.6902908068,0.3152908068,-48.2263519996
2.6912914321,0.3162914321,-47.6302651296
2.6922920575,0.3172920575,-47.3123524073
2.6932926829,0.3182926829,-47.1139831213
2.6942933083,0.3192933083,-46.9844614724
2.6952939337,0.3202939337,-46.9011861758
2.6962945591,0.3212945591,-46.8522594433
2.6972951845,0.3222951845,-46.8308039575
2.6982958099,0.3232958099,-46.8326545072
2.6992964353,0.3242964353,-46.8552869765
2.7002970607,0.3252970607,-46.8972831433
2.7012976861,0.3262976861,-46.9580627848
2.7022983114,0.3272983114,-47.0377724362
2.7032989368,0.3282989368,-47.1372897377
2.7042995622,0.3292995622,-47.2583440424
2.7053001876,0.3303001876,-47.4037960489
2.7063008130,0.3313008130,-47.5781902188
2.7073014384,0.3323014384,-47.7888557754
2.7083020638,0.3333020638,-48.0482786572
2.7093026892,0.3343026892,-48.3799560971
2.7103033146,0.3353033146,-48.8364313444
2.7113039400,0.3363039400,-49.5834286563
2.7123045654,0.3373045654,-53.6675408319
2.7133051907,0.3383051907,-49.7750580933
2.7143058161,0.3393058161,-49.1660355303
2.7153064415,0.3403064415,-48.8632842959
2.7163070669,0.3413070669,-48.6939689212
2.7173076923,0.3423076923,-48.6063619236
2.7183083177,0.3433083177,-48.5799419925
2.7193089431,0.3443089431,-48.6071497457
2.7203095685,0.3453095685,-48.6886091323
2.7213101939,0.3463101939,-48.8335051056
2.7223108193,0.3473108193,-49.0656729250
2.7233114447,0.3483114447,-49.4467609243
2.7243120700,0.3493120700,-50.2037695833
2.7253126954,0.3503126954,-51.6177761196
2.7263133208,0.3513133208,-49.7556685569
2.7273139462,0.3523139462,-49.1273063020
2.7283145716,0.3533145716,-48.7408759598
2.7293151970,0.3543151970,-48.4655082558
2.7303158224,0.3553158224,-48.2560494186
2.7313164478,0.3563164478,-48.0914147901
2.7323170732,0.3573170732,-47.9600260024
2.7333176986,0.3583176986,-47.8548471012
2.7343183240,0.3593183240,-47.7713038389
2.7353189493,0.3603189493,-47.7062846814
2.7363195747,0.3613195747,-47.6576130577
2.7373202001,0.3623202001,-47.6237487748
2.7383208255,0.3633208255,-47.6036110822
2.7393214509,0.3643214509,-47.5964714895
2.7403220763,0.3653220763,-47.6018898329
2.7413227017,0.3663227017,-47.6196798022
2.7423233271,0.3673233271,-47.6498972191
2.7433239525,0.3683239525,-47.6928490079
2.7443245779,0.3693245779,-47.7491247561
2.7453252033,0.3703252033,-47.8196573799
2.7463258286,0.3713258286,-47.9058264264
2.7473264540,0.3723264540,-48.0096301050
2.7483270794,0.3733270794,-48.1339772207
2.7493277048,0.3743277048,-48.2832050663
2.7503283302,0.3753283302,-48.4640619468
2.7513289556,0.3763289556,-48.6877554668
2.7523295810,0.3773295810,-48.9748363310
2.7533302064,0.3783302064,-49.3694885039
2.7543308318,0.3793308318,-49.9996032298
2.7553314572,0.3803314572,-51.8031614131
2.7563320826,0.3813320826,-50.4816174802
2.7573327079,0.3823327079,-49.7087118473
2.7583333333,0.3833333333,-49.3125417506
2.7593339587,0.3843339587,-49.0587600403
2.7603345841,0.3853345841,-48.8825380833
2.7613352095,0.3863352095,-48.7565861056
2.7623358349,0.3873358349,-48.6669134542
2.7633364603,0.3883364603,-48.6054847552
2.7643370857,0.3893370857,-48.5673610378
2.7653377111,0.3903377111,-48.5494013124
2.7663383365,0.3913383365,-48.5496111844
2.7673389619,0.3923389619,-48.5667975484
2.7683395872,0.3933395872,-48.6003863703
2.7693402126,0.3943402126,-48.6503402737
2.7703408380,0.3953408380,-48.7171503562
2.7713414634,0.3963414634,-48.8018997444
2.7723420888,0.3973420888,-48.9064181352
2.7733427142,0.3983427142,-49.0335790553
2.7743433396,0.3993433396,-49.1878569248
2.7753439650,0.4003439650,-49.3764176023
2.7763445904,0.4013445904,-49.6114514999
2.7773452158,0.4023452158,-49.9159080000
2.7783458412,0.4033458412,-50.3410645020
2.7793464665,0.4043464665,-51.0475325186
2.7803470919,0.4053470919,-54.3818656794
2.7813477173,0.4063477173,-51.2064867875
2.7823483427,0.4073483427,-50.5436793261
2.7833489681,0.4083489681,-50.1880485741
2.7843495935,0.4093495935,-49.9598437850
2.7853502189,0.4103502189,-49.8040570069
2.7863508443,0.4113508443,-49.6965822653
2.7873514697,0.4123514697,-49.6248181543
2.7883520951,0.4133520951,-49.5814801828
2.7893527205,0.4143527205,-49.5621211988
2.7903533458,0.4153533458,-49.5639882452
2.7913539712,0.4163539712,-49.5854497223
2.7923545966,0.4173545966,-49.6257017948
2.7933552220,0.4183552220,-49.6846329763
2.7943558474,0.4193558474,-49.7627981996
2.7953564728,0.4203564728,-49.8614933602
2.7963570982,0.4213570982,-49.9829554291
2.7973577236,0.4223577236,-50.1307631569
2.7983583490,0.4233583490,-50.3106173927
2.7993589744,0.4243589744,-50.5319449560
2.8003595997,0.4253595997,-50.8115719543
2.8013602251,0.4263602251,-51.1837328828
2.8023608505,0.4273608505,-51.7367237500
2.8033614759,0.4283614759,-52.8755053292
2.8043621013,0.4293621013,-52.9749523537
2.8053627267,0.4303627267,-51.9331683101
2.8063633521,0.4313633521,-51.4986749393
2.8073639775,0.4323639775,-51.2497432999
2.8083646029,0.4333646029,-51.0969897564
2.8093652283,0.4343652283,-51.0066650915
2.8103658537,0.4353658537,-50.9629933204
2.8113664790,0.4363664790,-50.9580666828
2.8123671044,0.4373671044,-50.9883017863
2.8133677298,0.4383677298,-51.0531375665
2.8143683552,0.4393683552,-51.1548291562
2.8153689806,0.4403689806,-51.2991791390
2.8163696060,0.4413696060,-51.4977919156
2.8173702314,0.4423702314,-51.7741550379
2.8183708568,0.4433708568,-52.1830900444
2.8193714822,0.4443714822,-52.9055520046
2.8203721076,0.4453721076,-56.0029552677
2.8213727330,0.4463727330,-52.8618274485
2.8223733583,0.4473733583,-52.2275492705
2.8233739837,0.4483739837,-51.8775575805
2.8243746091,0.4493746091,-51.6529523185
2.8253752345,0.4503752345,-51.5033772239
2.8263758599,0.4513758599,-51.4069061127
2.8273764853,0.4523764853,-51.3527019666
2.8283771107,0.4533771107,-51.3354867448
2.8293777361,0.4543777361,-51.3535122010
2.8303783615,0.4553783615,-51.4079975597
2.8313789869,0.4563789869,-51.5035788701
2.8323796123,0.4573796123,-51.6501335667
2.8333802376,0.4583802376,-51.8677602516
2.8343808630,0.4593808630,-52.2020383300
2.8353814884,0.4603814884,-52.7906953581
2.8363821138,0.4613821138,-54.8291709827
2.8373827392,0.4623827392,-53.0283536567
2.8383833646,0.4633833646,-52.2389509422
2.8393839900,0.4643839900,-51.7999256974
2.8403846154,0.4653846154,-51.4986983268
2.8413852408,0.4663852408,-51.2738542508
2.8423858662,0.4673858662,-51.0989278500
2.8433864916,0.4683864916,-50.9600566865
2.8443871169,0.4693871169,-50.8490697102
2.8453877423,0.4703877423,-50.7607568627
2.8463883677,0.4713883677,-50.6916096914
2.8473889931,0.4723889931,-50.6391741381
2.8483896185,0.4733896185,-50.6016904069
2.8493902439,0.4743902439,-50.5778802281
2.8503908693,0.4753908693,-50.5668154965
2.8513914947,0.4763914947,-50.5678346913
2.8523921201,0.4773921201,-50.5804889872
2.8533927455,0.4783927455,-50.6045079184
2.8543933709,0.4793933709,-50.6397788094
2.8553939962,0.4803939962,-50.6863367524
2.8563946216,0.4813946216,-50.7443635786
2.8573952470,0.4823952470,-50.8141955336
2.8583958724,0.4833958724,-50.8963405433
2.8593964978,0.4843964978,-50.9915073334
2.8603971232,0.4853971232,-51.1006506134
2.8613977486,0.4863977486,-51.2250396345
2.8623983740,0.4873983740,-51.3663628316
2.8633989994,0.4883989994,-51.5268912873
2.8643996248,0.4893996248,-51.7097436822
2.8654002502,0.4904002502,-51.9193379844
2.8664008755,0.4914008755,-52.1622146407
2.8674015009,0.4924015009,-52.4486760808
2.8684021263,0.4934021263,-52.7964763985
2.8694027517,0.4944027517,-53.2407559920
2.8704033771,0.4954033771,-53.8700320027
2.8714040025,0.4964040025,-55.0791096304
2.8724046279,0.4974046279,-55.3353843054
2.8734052533,0.4984052533,-54.3893856138
2.8744058787,0.4994058787,-54.0891725554
2.8754065041,0.5004065041,-54.0105769619
2.8764071295,0.5014071295,-54.0839185882
2.8774077548,0.5024077548,-54.3219793503
2.8784083802,0.5034083802,-54.8516695925
2.8794090056,0.5044090056,-57.0345020946
2.8804096310,0.5054096310,-54.9465580640
2.8814102564,0.5064102564,-54.1519799596
2.8824108818,0.5074108818,-53.7053437887
2.8834115072,0.5084115072,-53.4020827789
2.8844121326,0.5094121326,-53.1815247745
2.8854127580,0.5104127580,-53.0171665161
2.8864133834,0.5114133834,-52.8950876250
2.8874140088,0.5124140088,-52.8071971312
2.8884146341,0.5134146341,-52.7485549029
2.8894152595,0.5144152595,-52.7161500236
2.8904158849,0.5154158849,-52.7083047536
2.8914165103,0.5164165103,-52.7243956672
2.8924171357,0.5174171357,-52.7647734161
2.8934177611,0.5184177611,-52.8308520499
2.8944183865,0.5194183865,-52.9254070031
2.8954190119,0.5204190119,-53.0532194222
2.8964196373,0.5214196373,-53.2224253080
2.8974202627,0.5224202627,-53.4475589827
2.8984208881,0.5234208881,-53.7575282767
2.8994215134,0.5244215134,-54.2226856854
2.9004221388,0.5254221388,-55.1122142144
2.9014227642,0.5264227642,-56.0619828779
2.9024233896,0.5274233896,-54.5879089841
2.9034240150,0.5284240150,-54.0566963805
2.9044246404,0.5294246404,-53.7487688984
2.9054252658,0.5304252658,-53.5492446636
2.9064258912,0.5314258912,-53.4176910706
2.9074265166,0.5324265166,-53.3356936816
2.9084271420,0.5334271420,-53.2939730873
2.9094277674,0.5344277674,-53.2880250771
2.9104283927,0.5354283927,-53.3164785303
2.9114290181,0.5364290181,-53.3806580577
2.9124296435,0.5374296435,-53.4850180209
2.9134302689,0.5384302689,-53.6387790600
2.9144308943,0.5394308943,-53.8602741819
2.9154315197,0.5404315197,-54.1897843465
2.9164321451,0.5414321451,-54.7417037073
2.9174327705,0.5424327705,-56.2289481172
2.9184333959,0.5434333959,-55.3151493620
2.9194340213,0.5444340213,-54.4438154981
2.9204346467,0.5454346467,-53.9981948657
2.9214352720,0.5464352720,-53.7075528181
2.9224358974,0.5474358974,-53.5012260713
2.9234365228,0.5484365228,-53.3501398640
2.9244371482,0.5494371482,-53.2396174960
2.9254377736,0.5504377736,-53.1613756822
2.9264383990,0.5514383990,-53.1104684129
2.9274390244,0.5524390244,-53.0839286541
2.9284396498,0.5534396498,-53.0801144723
2.9294402752,0.5544402752,-53.0983990096
2.9304409006,0.5554409006,-53.1390644352
2.9314415260,0.5564415260,-53.2033572770
2.9324421513,0.5574421513,-53.2937275366
2.9334427767,0.5584427767,-53.4143556762
2.9344434021,0.5594434021,-53.5722400774
2.9354440275,0.5604440275,-53.7795720706
2.9364446529,0.5614446529,-54.0596383275
2.9374452783,0.5624452783,-54.4650986880
2.9384459037,0.5634459037,-55.1639164015
2.9394465291,0.5644465291,-60.1249235579
2.9404471545,0.5654471545,-55.2206210683
2.9414477799,0.5664477799,-54.5569793833
2.9424484053,0.5674484053,-54.1914953089
2.9434490306,0.5684490306,-53.9526206947
2.9444496560,0.5694496560,-53.7869789822
2.9454502814,0.5704502814,-53.6710401866
2.9464509068,0.5714509068,-53.5924988091
2.9474515322,0.5724515322,-53.5442825330
2.9484521576,0.5734521576,-53.5221436161
2.9494527830,0.5744527830,-53.5235522978
2.9504534084,0.5754534084,-53.5471525112
2.9514540338,0.5764540338,-53.5925005333
2.9524546592,0.5774546592,-53.6599751541
2.9534552846,0.5784552846,-53.7508244558
2.9544559099,0.5794559099,-53.8673659477
2.9554565353,0.5804565353,-54.0134200169
2.9564571607,0.5814571607,-54.1951814084
2.9574577861,0.5824577861,-54.4230531931
2.9584584115,0.5834584115,-54.7159635545
2.9594590369,0.5844590369,-55.1136182155
2.9604596623,0.5854596623,-55.7248909633
2.9614602877,0.5864602877,-57.1737257885
2.9624609131,0.5874609131,-56.5555937046
2.9634615385,0.5884615385,-55.7261707273
2.9644621639,0.5894621639,-55.3566547108
2.9654627892,0.5904627892,-55.1536605013
2.9664634146,0.5914634146,-55.0448302629
2.9674640400,0.5924640400,-55.0024995996
2.9684646654,0.5934646654,-55.0150105981
2.9694652908,0.5944652908,-55.0789551815
2.9704659162,0.5954659162,-55.1972800761
2.9714665416,0.5964665416,-55.3807021407
2.9724671670,0.5974671670,-55.6542765204
2.9734677924,0.5984677924,-56.0809614857
2.9744684178,0.5994684178,-56.8908528070
2.9754690432,0.6004690432,-58.3227229984
2.9764696685,0.6014696685,-56.5463747211
2.9774702939,0.6024702939,-55.9890659676
2.9784709193,0.6034709193,-55.6818701762
2.9794715447,0.6044715447,-55.4970920108
2.9804721701,0.6054721701,-55.3928206244
2.9814727955,0.6064727955,-55.3523905174
2.9824734209,0.6074734209,-55.3708532742
2.9834740463,0.6084740463,-55.4519622022
2.9844746717,0.6094746717,-55.6106160198
2.9854752971,0.6104752971,-55.8847937649
2.9864759225,0.6114759225,-56.3871856375
2.9874765478,0.6124765478,-57.8276482339
2.9884771732,0.6134771732,-56.8778652533
2.9894777986,0.6144777986,-55.9688320621
2.9904784240,0.6154784240,-55.4889388744
2.9914790494,0.6164790494,-55.1666230055
2.9924796748,0.6174796748,-54.9308396303
2.9934803002,0.6184803002,-54.7522354582
2.9944809256,0.6194809256,-54.6159097094
2.9954815510,0.6204815510,-54.5133909666
2.9964821764,0.6214821764,-54.4395697875
2.9974828018,0.6224828018,-54.3913315828
2.9984834271,0.6234834271,-54.3668943483
2.9994840525,0.6244840525,-54.3654890684
3.0004846779,0.6254846779,-54.3872407441
3.0014853033,0.6264853033,-54.4332036178
3.0024859287,0.6274859287,-54.5055651576
3.0034865541,0.6284865541,-54.6081049932
3.0044871795,0.6294871795,-54.7471356290
3.0054878049,0.6304878049,-54.9335171368
3.0064884303,0.6314884303,-55.1875030185
3.0074890557,0.6324890557,-55.5529456722
3.0084896811,0.6334896811,-56.1569323021
3.0094903064,0.6344903064,-57.9232596156
3.0104909318,0.6354909318,-56.6105012198
3.0114915572,0.6364915572,-55.8221652321
3.0124921826,0.6374921826,-55.4168258196
3.0134928080,0.6384928080,-55.1586588240
3.0144934334,0.6394934334,-54.9828152213
3.0154940588,0.6404940588,-54.8622661727
3.0164946842,0.6414946842,-54.7834484061
3.0174953096,0.6424953096,-54.7389242654
3.0184959350,0.6434959350,-54.7245665393
3.0194965604,0.6444965604,-54.7383388861
3.0204971857,0.6454971857,-54.7797740861
3.0214978111,0.6464978111,-54.8498451801
3.0224984365,0.6474984365,-54.9511612898
3.0234990619,0.6484990619,-55.0885889494
3.0244996873,0.6494996873,-55.2706700788
3.0255003127,0.6505003127,-55.5129311830
3.0265009381,0.6515009381,-55.8467843466
3.0275015635,0.6525015635,-56.3509089041
3.0285021889,0.6535021889,-57.3520419229
3.0295028143,0.6545028143,-57.8600479432
3.0305034396,0.6555034396,-56.6428943253
3.0315040650,0.6565040650,-56.1741765471
3.0325046904,0.6575046904,-55.9142251858
3.0335053158,0.6585053158,-55.7631659766
3.0345059412,0.6595059412,-55.6858963875
3.0355065666,0.6605065666,-55.6681283079
3.0365071920,0.6615071920,-55.7056879614
3.0375078174,0.6625078174,-55.8020495997
3.0385084428,0.6635084428,-55.9703287095
3.0395090682,0.6645090682,-56.2427239060
3.0405096936,0.6655096936,-56.7081960454
3.0415103189,0.6665103189,-57.7943087543
3.0425109443,0.6675109443,-57.7073993081
3.0435115697,0.6685115697,-56.6225486177
3.0445121951,0.6695121951,-56.1213400760
3.0455128205,0.6705128205,-55.8048990011
3.0465134459,0.6715134459,-55.5858238073
3.0475140713,0.6725140713,-55.4304381682
3.0485146967,0.6735146967,-55.3225500719
3.0495153221,0.6745153221,-55.2535740827
3.0505159475,0.6755159475,-55.2189714221
3.0515165729,0.6765165729,-55.2168051053
3.0525171982,0.6775171982,-55.2472203735
3.0535178236,0.6785178236,-55.3125062850
3.0545184490,0.6795184490,-55.4177790048
3.0555190744,0.6805190744,-55.5727619110
3.0565196998,0.6815196998,-55.7962456067
3.0575203252,0.6825203252,-56.1291149236
3.0585209506,0.6835209506,-56.6873784435
3.0595215760,0.6845215760,-58.2052045686
3.0605222014,0.6855222014,-57.2501870079
3.0615228268,0.6865228268,-56.3939071770
3.0625234522,0.6875234522,-55.9595102812
3.0635240775,0.6885240775,-55.6810967482
3.0645247029,0.6895247029,-55.4889989031
3.0655253283,0.6905253283,-55.3547125751
3.0665259537,0.6915259537,-55.2640946811
3.0675265791,0.6925265791,-55.2094756173
3.0685272045,0.6935272045,-55.1866828006
3.0695278299,0.6945278299,-55.1937774291
3.0705284553,0.6955284553,-55.2305449685
3.0715290807,0.6965290807,-55.2984293462
3.0725297061,0.6975297061,-55.4008735382
3.0735303315,0.6985303315,-55.5442622217
3.0745309568,0.6995309568,-55.7401168454
3.0755315822,0.7005315822,-56.0105969508
3.0765322076,0.7015322076,-56.4053071850
3.0775328330,0.7025328330,-57.0773673979
3.0785334584,0.7035334584,-59.8010347259
3.0795340838,0.7045340838,-57.2859687257
3.0805347092,0.7055347092,-56.6064519279
3.0815353346,0.7065353346,-56.2546917575
3.0825359600,0.7075359600,-56.0425403631
3.0835365854,0.7085365854,-55.9147120820
3.0845372108,0.7095372108,-55.8486867604
3.0855378361,0.7105378361,-55.8347822866
3.0865384615,0.7115384615,-55.8703828296
3.0875390869,0.7125390869,-55.9586233184
3.0885397123,0.7135397123,-56.1099066387
3.0895403377,0.7145403377,-56.3481398339
3.0905409631,0.7155409631,-56.7324897770
3.0915415885,0.7165415885,-57.4714416597
3.0925422139,0.7175422139,-59.3014382560
3.0935428393,0.7185428393,-57.1794191477
3.0945434647,0.7195434647,-56.5603589401
3.0955440901,0.7205440901,-56.2028198250
3.0965447154,0.7215447154,-55.9672220189
3.0975453408,0.7225453408,-55.8074628486
3.0985459662,0.7235459662,-55.7032823621
3.0995465916,0.7245465916,-55.6448818640
3.1005472170,0.7255472170,-55.6279764226
3.1015478424,0.7265478424,-55.6521058151
3.1025484678,0.7275484678,-55.7204967553
3.1035490932,0.7285490932,-55.8413576667
3.1045497186,0.7295497186,-56.0318601047
3.1055503440,0.7305503440,-56.3300798505
3.1065509694,0.7315509694,-56.8425642071
3.1075515947,0.7325515947,-58.1769750231
3.1085522201,0.7335522201,-57.5046678876
3.1095528455,0.7345528455,-56.5721470825
3.1105534709,0.7355534709,-56.1038299232
3.1115540963,0.7365540963,-55.7999878870
3.1125547217,0.7375547217,-55.5858968028
3.1135553471,0.7385553471,-55.4315000620
3.1145559725,0.7395559725,-55.3220031299
3.1155565979,0.7405565979,-55.2494159452
3.1165572233,0.7415572233,-55.2094049023
3.1175578487,0.7425578487,-55.1999735794
3.1185584740,0.7435584740,-55.2209457903
3.1195590994,0.7445590994,-55.2739288979
3.1205597248,0.7455597248,-55.3627368116
3.1215603502,0.7465603502,-55.4945308775
3.1225609756,0.7475609756,-55.6825278078
3.1235616010,0.7485616010,-55.9530739203
3.1245622264,0.7495622264,-56.3689123217
3.1255628518,0.7505628518,-57.1532396215
3.1265634772,0.7515634772,-58.6993466230
3.1275641026,0.7525641026,-56.8107685666
3.1285647280,0.7535647280,-56.2184194307
3.1295653533,0.7545653533,-55.8748781551
3.1305659787,0.7555659787,-55.6477463865
3.1315666041,0.7565666041,-55.4923328518
3.1325672295,0.7575672295,-55.3885331682
3.1335678549,0.7585678549,-55.3261006865
3.1345684803,0.7595684803,-55.2997391570
3.1355691057,0.7605691057,-55.3071882397
3.1365697311,0.7615697311,-55.3485239829
3.1375703565,0.7625703565,-55.4261657010
3.1385709819,0.7635709819,-55.5455928631
3.1395716073,0.7645716073,-55.7172923854
3.1405722326,0.7655722326,-55.9617511251
3.1415728580,0.7665728580,-56.3244922983
3.1425734834,0.7675734834,-56.9410536207
3.1435741088,0.7685741088,-58.9325144253
3.1445747342,0.7695747342,-57.2888560005
3.1455753596,0.7705753596,-56.5372973067
3.1465759850,0.7715759850,-56.1487748891
3.1475766104,0.7725766104,-55.9065774935
3.1485772358,0.7735772358,-55.7496922428
3.1495778612,0.7745778612,-55.6530523195
3.1505784866,0.7755784866,-55.6049165892
3.1515791119,0.7765791119,-55.6001419091
3.1525797373,0.7775797373,-55.6379236272
3.1535803627,0.7785803627,-55.7214686429
3.1545809881,0.7795809881,-55.8592924074
3.1555816135,0.7805816135,-56.0694491261
3.1565822389,0.7815822389,-56.3925237841
3.1575828643,0.7825828643,-56.9452062908
3.1585834897,0.7835834897,-58.4776731390
3.1595841151,0.7845841151,-57.4842582882
3.1605847405,0.7855847405,-56.6329340554
3.1615853659,0.7865853659,-56.2019052783
3.1625859912,0.7875859912,-55.9288043997
3.1635866166,0.7885866166,-55.7448305350
3.1645872420,0.7895872420,-55.6221740904
3.1655878674,0.7905878674,-55.5475545733
3.1665884928,0.7915884928,-55.5145214076
3.1675891182,0.7925891182,-55.5207235119
3.1685897436,0.7935897436,-55.5670749709
3.1695903690,0.7945903690,-55.6580891598
3.1705909944,0.7955909944,-55.8036618230
3.1715916198,0.7965916198,-56.0240726345
3.1725922452,0.7975922452,-56.3654264076
3.1735928705,0.7985928705,-56.9675437474
3.1745934959,0.7995934959,-59.0836789617
3.1755941213,0.8005941213,-57.2148834235
3.1765947467,0.8015947467,-56.4538014863
3.1775953721,0.8025953721,-56.0436097029
3.1785959975,0.8035959975,-55.7757473356
3.1795966229,0.8045966229,-55.5900989522
3.1805972483,0.8055972483,-55.4612613338
3.1815978737,0.8065978737,-55.3765680999
3.1825984991,0.8075984991,-55.3293474447
3.1835991245,0.8085991245,-55.3163664595
3.1845997498,0.8095997498,-55.3368269442
3.1856003752,0.8106003752,-55.3921439820
3.1866010006,0.8116010006,-55.4863605959
3.1876016260,0.8126016260,-55.6274814913
3.1886022514,0.8136022514,-55.8308240206
3.1896028768,0.8146028768,-56.1282706409
3.1906035022,0.8156035022,-56.6015463676
3.1916041276,0.8166041276,-57.6045308419
3.1926047530,0.8176047530,-57.9020921214
3.1936053784,0.8186053784,-56.7119648353
3.1946060038,0.8196060038,-56.2086902556
3.1956066291,0.8206066291,-55.9034321342
3.1966072545,0.8216072545,-55.6996182599
3.1976078799,0.8226078799,-55.5612971540
3.1986085053,0.8236085053,-55.4715527507
3.1996091307,0.8246091307,-55.4215863294
3.2006097561,0.8256097561,-55.4068648122
3.2016103815,0.8266103815,-55.4255838684
3.2026110069,0.8276110069,-55.4781323279
3.2036116323,0.8286116323,-55.5671887055
3.2046122577,0.8296122577,-55.6985121059
3.2056128831,0.8306128831,-55.8830006419
3.2066135084,0.8316135084,-56.1419612822
3.2076141338,0.8326141338,-56.5231682474
3.2086147592,0.8336147592,-57.1722429093
3.2096153846,0.8346153846,-59.5280316459
3.2106160100,0.8356160100,-57.4351779824
3.2116166354,0.8366166354,-56.7272986717
3.2126172608,0.8376172608,-56.3598528945
3.2136178862,0.8386178862,-56.1335952785
3.2146185116,0.8396185116,-55.9904768299
3.2156191370,0.8406191370,-55.9061728580
3.2166197624,0.8416197624,-55.8689622873
3.2176203877,0.8426203877,-55.8732718662
3.2186210131,0.8436210131,-55.9173503959
3.2196216385,0.8446216385,-56.0026035367
3.2206222639,0.8456222639,-56.1340245358
3.2216228893,0.8466228893,-56.3220715484
3.2226235147,0.8476235147,-56.5878494086
3.2236241401,0.8486241401,-56.9791537135
3.2246247655,0.8496247655,-57.6420606707
3.2256253909,0.8506253909,-60.0296351327
3.2266260163,0.8516260163,-57.9383925267
3.2276266417,0.8526266417,-57.2565537185
3.2286272670,0.8536272670,-56.9198712777
3.2296278924,0.8546278924,-56.7310024688
3.2306285178,0.8556285178,-56.6339924078
3.2316291432,0.8566291432,-56.6076062241
3.2326297686,0.8576297686,-56.6450648583
3.2336303940,0.8586303940,-56.7493166298
3.2346310194,0.8596310194,-56.9348665753
3.2356316448,0.8606316448,-57.2393003675
3.2366322702,0.8616322702,-57.7737261537
3.2376328956,0.8626328956,-59.2216099089
3.2386335210,0.8636335210,-58.3804379200
3.2396341463,0.8646341463,-57.5136250958
3.2406347717,0.8656347717,-57.0912155620
3.2416353971,0.8666353971,-56.8367242828
3.2426360225,0.8676360225,-56.6801773975
3.2436366479,0.8686366479,-56.5948114280
3.2446372733,0.8696372733,-56.5698514795
3.2456378987,0.8706378987,-56.6033658275
3.2466385241,0.8716385241,-56.7012389945
3.2476391495,0.8726391495,-56.8807789508
3.2486397749,0.8736397749,-57.1847919457
3.2496404003,0.8746404003,-57.7442648580
3.2506410256,0.8756410256,-59.6020739900
3.2516416510,0.8766416510,-58.0409751899
3.2526422764,0.8776422764,-57.2401164433
3.2536429018,0.8786429018,-56.8131422870
3.2546435272,0.8796435272,-56.5365799592
3.2556441526,0.8806441526,-56.3478843597
3.2566447780,0.8816447780,-56.2211928253
3.2576454034,0.8826454034,-56.1441144838
3.2586460288,0.8836460288,-56.1108026299
3.2596466542,0.8846466542,-56.1195246596
3.2606472795,0.8856472795,-56.1720567204
3.2616479049,0.8866479049,-56.2743688430
3.2626485303,0.8876485303,-56.4392155447
3.2636491557,0.8886491557,-56.6935494291
3.2646497811,0.8896497811,-57.1038461977
3.2656504065,0.8906504065,-57.9185536550
3.2666510319,0.8916510319,-59.0617032044
3.2676516573,0.8926516573,-57.4225679692
3.2686522827,0.8936522827,-56.8492525893
3.2696529081,0.8946529081,-56.5130143283
3.2706535335,0.8956535335,-56.2923006882
3.2716541588,0.8966541588,-56.1451877545
3.2726547842,0.8976547842,-56.0529153449
3.2736554096,0.8986554096,-56.0063425191
3.2746560350,0.8996560350,-56.0014755073
3.2756566604,0.9006566604,-56.0379119525
3.2766572858,0.9016572858,-56.1186896054
3.2776579112,0.9026579112,-56.2514108560
3.2786585366,0.9036585366,-56.4516747665
3.2796591620,0.9046591620,-56.7530452009
3.2806597874,0.9056597874,-57.2442204126
3.2816604128,0.9066604128,-58.3395422113
3.2826610381,0.9076610381,-58.3437621454
3.2836616635,0.9086616635,-57.2716404223
3.2846622889,0.9096622889,-56.8012524757
3.2856629143,0.9106629143,-56.5211381871
3.2866635397,0.9116635397,-56.3433285379
3.2876641651,0.9126641651,-56.2349070639
3.2886647905,0.9136647905,-56.1810738022
3.2896654159,0.9146654159,-56.1753435800
3.2906660413,0.9156660413,-56.2163771494
3.2916666667,0.9166666667,-56.3073814441
3.2926672921,0.9176672921,-56.4574590249
3.2936679174,0.9186679174,-56.6863599694
3.2946685428,0.9196685428,-57.0396483307
3.2956691682,0.9206691682,-57.6554752021
3.2966697936,0.9216697936,-59.7371185358
3.2976704190,0.9226704190,-57.9686893124
3.2986710444,0.9236710444,-57.2333810672
3.2996716698,0.9246716698,-56.8586670288
3.3006722952,0.9256722952,-56.6340363261
3.3016729206,0.9266729206,-56.5003435121
3.3026735460,0.9276735460,-56.4342089123
3.3036741714,0.9286741714,-56.4262125637
3.3046747967,0.9296747967,-56.4749269515
3.3056754221,0.9306754221,-56.5861148385
3.3066760475,0.9316760475,-56.7759916619
3.3076766729,0.9326766729,-57.0835129962
3.3086772983,0.9336772983,-57.6221456720
3.3096779237,0.9346779237,-59.1015023830
3.3106785491,0.9356785491,-58.1989868037
3.3116791745,0.9366791745,-57.3400521865
3.3126797999,0.9376797999,-56.9173401858
3.3136804253,0.9386804253,-56.6605112554
3.3146810507,0.9396810507,-56.5004090791
3.3156816760,0.9406816760,-56.4103093831
3.3166823014,0.9416823014,-56.3790957003
3.3176829268,0.9426829268,-56.4040319848
3.3186835522,0.9436835522,-56.4893113369
3.3196841776,0.9446841776,-56.6483858440
3.3206848030,0.9456848030,-56.9134169211
3.3216854284,0.9466854284,-57.3722417166
3.3226860538,0.9476860538,-58.4397223930
3.3236866792,0.9486866792,-58.4115081251
3.3246873046,0.9496873046,-57.3162572424
3.3256879300,0.9506879300,-56.8232249449
3.3266885553,0.9516885553,-56.5219819074
3.3276891807,0.9526891807,-56.3245927049
3.3286898061,0.9536898061,-56.1981662339
3.3296904315,0.9546904315,-56.1280216363
3.3306910569,0.9556910569,-56.1079608338
3.3316916823,0.9566916823,-56.1372314736
3.3326923077,0.9576923077,-56.2202185132
3.3336929331,0.9586929331,-56.3685322277
3.3346935585,0.9596935585,-56.6080094667
3.3356941839,0.9606941839,-57.0030821751
3.3366948093,0.9616948093,-57.7918100872
3.3376954346,0.9626954346,-59.0658060633
3.3386960600,0.9636960600,-57.3354319860
3.3396966854,0.9646966854,-56.7502191641
3.3406973108,0.9656973108,-56.4093499446
3.3416979362,0.9666979362,-56.1875493198
3.3426985616,0.9676985616,-56.0422558674
3.3436991870,0.9686991870,-55.9548221654
3.3446998124,0.9696998124,-55.9166564992
3.3457004378,0.9707004378,-55.9248139699
3.3467010632,0.9717010632,-55.9807516639
3.3477016886,0.9727016886,-56.0909361085
3.3487023139,0.9737023139,-56.2699170778
3.3497029393,0.9747029393,-56.5497354555
3.3507035647,0.9757035647,-57.0148476865
3.3517041901,0.9767041901,-58.0451994973
3.3527048155,0.9777048155,-58.1947649428
3.3537054409,0.9787054409,-57.0541732414
3.3547060663,0.9797060663,-56.5608150898
3.3557066917,0.9807066917,-56.2644562254
3.3567073171,0.9817073171,-56.0728652880
3.3577079425,0.9827079425,-55.9518917235
3.3587085679,0.9837085679,-55.8861846234
3.3597091932,0.9847091932,-55.8689153284
3.3607098186,0.9857098186,-55.8984504254
3.3617104440,0.9867104440,-55.9776562298
3.3627110694,0.9877110694,-56.1151184033
3.3637116948,0.9887116948,-56.3295751240
3.3647123202,0.9897123202,-56.6639272043
3.3657129456,0.9907129456,-57.2449958120
3.3667135710,0.9917135710,-59.0047251794
3.3677141964,0.9927141964,-57.6668927705
3.3687148218,0.9937148218,-56.8777018455
3.3697154472,0.9947154472,-56.4775684861
3.3707160725,0.9957160725,-56.2322258247
3.3717166979,0.9967166979,-56.0778779164
3.3727173233,0.9977173233,-55.9888988936
3.3737179487,0.9987179487,-55.9537852164
3.3747185741,0.9997185741,-55.9682343903
3.3757191995,1.0007191995,-56.0330954176
3.3767198249,1.0017198249,-56.1547226474
3.3777204503,1.0027204503,-56.3481171014
3.3787210757,1.0037210757,-56.6470000802
3.3797217011,1.0047217011,-57.1423854013
3.3807223265,1.0057223265,-58.2731693476
3.3817229518,1.0067229518,-58.1760898394
3.3827235772,1.0077235772,-57.1415085830
3.3837242026,1.0087242026,-56.6847239973
3.3847248280,1.0097248280,-56.4169942848
3.3857254534,1.0107254534,-56.2532679781
3.3867260788,1.0117260788,-56.1619021998
3.3877267042,1.0127267042,-56.1292787941
3.3887273296,1.0137273296,-56.1505327876
3.3897279550,1.0147279550,-56.2269758101
3.3907285804,1.0157285804,-56.3667069318
3.3917292058,1.0167292058,-56.5891613186
3.3927298311,1.0177298311,-56.9406888962
3.3937304565,1.0187304565,-57.5649624052
3.3947310819,1.0197310819,-59.8550646609
3.3957317073,1.0207317073,-57.8138957582
3.3967323327,1.0217323327,-57.0983422780
3.3977329581,1.0227329581,-56.7321289134
3.3987335835,1.0237335835,-56.5147890953
3.3997342089,1.0247342089,-56.3890783889
3.4007348343,1.0257348343,-56.3324038043
3.4017354597,1.0267354597,-56.3359728017
3.4027360851,1.0277360851,-56.3991861798
3.4037367104,1.0287367104,-56.5292698215
3.4047373358,1.0297373358,-56.7456211765
3.4057379612,1.0307379612,-57.0960834262
3.4067385866,1.0317385866,-57.7330752236
3.4077392120,1.0327392120,-60.4635649343
3.4087398374,1.0337398374,-57.8856873647
3.4097404628,1.0347404628,-57.1925628557
3.4107410882,1.0357410882,-56.8328150858
3.4117417136,1.0367417136,-56.6193242402
3.4127423390,1.0377423390,-56.4975527140
3.4137429644,1.0387429644,-56.4461571434
3.4147435897,1.0397435897,-56.4574900397
3.4157442151,1.0407442151,-56.5326317652
3.4167448405,1.0417448405,-56.6820141620
3.4177454659,1.0427454659,-56.9325906102
3.4187460913,1.0437460913,-57.3559562993
3.4197467167,1.0447467167,-58.2412320032
3.4207473421,1.0457473421,-58.9670232533
3.4217479675,1.0467479675,-57.5791368802
3.4227485929,1.0477485929,-57.0542363430
3.4237492183,1.0487492183,-56.7554260873
3.4247498437,1.0497498437,-56.5746631381
3.4257504690,1.0507504690,-56.4746908353
3.4267510944,1.0517510944,-56.4404574428
3.4277517198,1.0527517198,-56.4676008212
3.4287523452,1.0537523452,-56.5598479592
3.4297529706,1.0547529706,-56.7312252591
3.4307535960,1.0557535960,-57.0165172691
3.4317542214,1.0567542214,-57.5143564493
3.4327548468,1.0577548468,-58.7486227525
3.4337554722,1.0587554722,-58.3363191769
3.4347560976,1.0597560976,-57.3760562057
3.4357567230,1.0607567230,-56.9305411887
3.4367573483,1.0617573483,-56.6665270303
3.4377579737,1.0627579737,-56.5060917212
3.4387585991,1.0637585991,-56.4200707875
3.4397592245,1.0647592245,-56.3965775365
3.4407598499,1.0657598499,-56.4328489054
3.4417604753,1.0667604753,-56.5336924949
3.4427611007,1.0677611007,-56.7142759392
3.4437617261,1.0687617261,-57.0115329885
3.4447623515,1.0697623515,-57.5316119970
3.4457629769,1.0707629769,-58.8854704923
3.4467636023,1.0717636023,-58.2262540536
3.4477642276,1.0727642276,-57.3265071152
3.4487648530,1.0737648530,-56.8982952759
3.4497654784,1.0747654784,-56.6441171883
3.4507661038,1.0757661038,-56.4909583055
3.4517667292,1.0767667292,-56.4111162842
3.4527673546,1.0777673546,-56.3933303662
3.4537679800,1.0787679800,-56.4351979235
3.4547686054,1.0797686054,-56.5418245444
3.4557692308,1.0807692308,-56.7287693502
3.4567698562,1.0817698562,-57.0338051248
3.4577704816,1.0827704816,-57.5661734686
3.4587711069,1.0837711069,-58.9766699122
3.4597717323,1.0847717323,-58.2212307351
3.4607723577,1.0857723577,-57.3474302880
3.4617729831,1.0867729831,-56.9306275421
3.4627736085,1.0877736085,-56.6857091760
3.4637742339,1.0887742339,-56.5415961635
3.4647748593,1.0897748593,-56.4713614018
3.4657754847,1.0907754847,-56.4643553858
3.4667761101,1.0917761101,-56.5189647015
3.4677767355,1.0927767355,-56.6416603078
3.4687773609,1.0937773609,-56.8509270800
3.4697779862,1.0947779862,-57.1925988910
3.4707786116,1.0957786116,-57.8104033566
3.4717792370,1.0967792370,-60.1132295592
3.4727798624,1.0977798624,-58.0477068892
3.4737804878,1.0987804878,-57.3335357690
3.4747811132,1.0997811132,-56.9703668672
3.4757817386,1.1007817386,-56.7586674421
3.4767823640,1.1017823640,-56.6417447967
3.4777829894,1.1027829894,-56.5977703482
3.4787836148,1.1037836148,-56.6192244989
3.4797842402,1.1047842402,-56.7078355533
3.4807848655,1.1057848655,-56.8755951835
3.4817854909,1.1067854909,-57.1534829563
3.4827861163,1.1077861163,-57.6271392524
3.4837867417,1.1087867417,-58.6944606055
3.4847873671,1.1097873671,-58.7716801082
3.4857879925,1.1107879925,-57.6857657059
3.4867886179,1.1117886179,-57.2287985968
3.4877892433,1.1127892433,-56.9736722256
3.4887898687,1.1137898687,-56.8320866172
3.4897904941,1.1147904941,-56.7730697067
3.4907911194,1.1157911194,-56.7857068749
3.4917917448,1.1167917448,-56.8706074843
3.4927923702,1.1177923702,-57.0402586692
3.4937929956,1.1187929956,-57.3289054203
3.4947936210,1.1197936210,-57.8361587301
3.4957942464,1.1207942464,-59.1019272553
3.4967948718,1.1217948718,-58.6527892194
3.4977954972,1.1227954972,-57.7223303985
3.4987961226,1.1237961226,-57.3018757441
3.4997967480,1.1247967480,-57.0669190944
3.5007973734,1.1257973734,-56.9420356346
3.5017979987,1.1267979987,-56.9007624551
3.5027986241,1.1277986241,-56.9355014808
3.5037992495,1.1287992495,-57.0514427018
3.5047998749,1.1297998749,-57.2705178541
3.5058005003,1.1308005003,-57.6539649747
3.5068011257,1.1318011257,-58.4318951023
3.5078017511,1.1328017511,-59.8197149569
3.5088023765,1.1338023765,-58.0401112937
3.5098030019,1.1348030019,-57.4767776763
3.5108036273,1.1358036273,-57.1721649390
3.5118042527,1.1368042527,-56.9999820413
3.5128048780,1.1378048780,-56.9200339360
3.5138055034,1.1388055034,-56.9185255566
3.5148061288,1.1398061288,-56.9958088616
3.5158067542,1.1408067542,-57.1666517221
3.5168073796,1.1418073796,-57.4735968365
3.5178080050,1.1428080050,-58.0529059361
3.5188086304,1.1438086304,-60.1066999545
3.5198092558,1.1448092558,-58.3183830200
3.5208098812,1.1458098812,-57.5709603130
3.5218105066,1.1468105066,-57.1920423271
3.5228111320,1.1478111320,-56.9717487133
3.5238117573,1.1488117573,-56.8522194106
3.5248123827,1.1498123827,-56.8124194701
3.5258130081,1.1508130081,-56.8472243974
3.5268136335,1.1518136335,-56.9636132233
3.5278142589,1.1528142589,-57.1860226782
3.5288148843,1.1538148843,-57.5825525306
3.5298155097,1.1548155097,-58.4251853653
3.5308161351,1.1558161351,-59.2891049194
3.5318167605,1.1568167605,-57.8152995605
3.5328173859,1.1578173859,-57.2768451544
3.5338180113,1.1588180113,-56.9752993255
3.5348186366,1.1598186366,-56.7988109937
3.5358192620,1.1608192620,-56.7101341913
3.5368198874,1.1618198874,-56.6957541116
3.5378205128,1.1628205128,-56.7547036214
3.5388211382,1.1638211382,-56.8978988696
3.5398217636,1.1648217636,-57.1567448931
3.5408223890,1.1658223890,-57.6213766504
3.5418230144,1.1668230144,-58.7360384874
3.5428236398,1.1678236398,-58.5958776470
3.5438242652,1.1688242652,-57.5574246492
3.5448248906,1.1698248906,-57.0976510932
3.5458255159,1.1708255159,-56.8335281391
3.5468261413,1.1718261413,-56.6817269976
3.5478267667,1.1728267667,-56.6127247970
3.5488273921,1.1738273921,-56.6163703829
3.5498280175,1.1748280175,-56.6940639028
3.5508286429,1.1758286429,-56.8597193528
3.5518292683,1.1768292683,-57.1513037070
3.5528298937,1.1778298937,-57.6833009747
3.5538305191,1.1788305191,-59.1931017999
3.5548311445,1.1798311445,-58.2289296761
3.5558317699,1.1808317699,-57.3877296769
3.5568323952,1.1818323952,-56.9816927743
3.5578330206,1.1828330206,-56.7473515001
3.5588336460,1.1838336460,-56.6177362687
3.5598342714,1.1848342714,-56.5684962897
3.5608348968,1.1858348968,-56.5922494143
3.5618355222,1.1868355222,-56.6930605660
3.5628361476,1.1878361476,-56.8893251865
3.5638367730,1.1888367730,-57.2307153874
3.5648373984,1.1898373984,-57.8835964647
3.5658380238,1.1908380238,-62.9526596864
3.5668386492,1.1918386492,-57.8960026801
3.5678392745,1.1928392745,-57.2369419343
3.5688398999,1.1938398999,-56.8938863250
3.5698405253,1.1948405253,-56.6975696902
3.5708411507,1.1958411507,-56.5980003226
3.5718417761,1.1968417761,-56.5770376120
3.5728424015,1.1978424015,-56.6313193814
3.5738430269,1.1988430269,-56.7697516373
3.5748436523,1.1998436523,-57.0204609762
3.5758442777,1.2008442777,-57.4631912633
3.5768449031,1.2018449031,-58.4532248549
3.5778455285,1.2028455285,-58.7322554465
3.5788461538,1.2038461538,-57.5587632846
3.5798467792,1.2048467792,-57.0817121716
3.5808474046,1.2058474046,-56.8181389283
3.5818480300,1.2068480300,-56.6744422445
3.5828486554,1.2078486554,-56.6189465750
3.5838492808,1.2088492808,-56.6417089817
3.5848499062,1.2098499062,-56.7461852706
3.5858505316,1.2108505316,-56.9518494502
3.5868511570,1.2118511570,-57.3134129664
3.5878517824,1.2128517824,-58.0251242448
3.5888524078,1.2138524078,-60.2663524757
3.5898530331,1.2148530331,-57.8469112002
3.5908536585,1.2158536585,-57.2452030380
3.5918542839,1.2168542839,-56.9304631760
3.5928549093,1.2178549093,-56.7573150492
3.5938555347,1.2188555347,-56.6816068981
3.5948561601,1.2198561601,-56.6886373067
3.5958567855,1.2208567855,-56.7792417063
3.5968574109,1.2218574109,-56.9704137416
3.5978580363,1.2228580363,-57.3118686431
3.5988586617,1.2238586617,-57.9744051996
3.5998592871,1.2248592871,-62.2658596496
3.6008599124,1.2258599124,-57.9554500862
3.6018605378,1.2268605378,-57.3143900334
3.6028611632,1.2278611632,-56.9861703400
3.6038617886,1.2288617886,-56.8071374157
3.6048624140,1.2298624140,-56.7295752775
3.6058630394,1.2308630394,-56.7380175076
3.6068636648,1.2318636648,-56.8338526587
3.6078642902,1.2328642902,-57.0364587232
3.6088649156,1.2338649156,-57.4036351875
3.6098655410,1.2348655410,-58.1504861174
3.6108661664,1.2358661664,-59.8014661591
3.6118667917,1.2368667917,-57.8388658393
3.6128674171,1.2378674171,-57.2655190159
3.6138680425,1.2388680425,-56.9642819865
3.6148686679,1.2398686679,-56.8027718810
3.6158692933,1.2408692933,-56.7405534279
3.6168699187,1.2418699187,-56.7657251788
3.6178705441,1.2428705441,-56.8833870614
3.6188711695,1.2438711695,-57.1201863646
3.6198717949,1.2448717949,-57.5570214040
3.6208724203,1.2458724203,-58.5677508957
3.6218730457,1.2468730457,-58.7394731316
3.6228736710,1.2478736710,-57.6037937481
3.6238742964,1.2488742964,-57.1358532794
3.6248749218,1.2498749218,-56.8813129918
3.6258755472,1.2508755472,-56.7503478494
3.6268761726,1.2518761726,-56.7138212579
3.6278767980,1.2528767980,-56.7655443737
3.6288774234,1.2538774234,-56.9165802833
3.6298780488,1.2548780488,-57.2059033168
3.6308786742,1.2558786742,-57.7601550719
3.6318792996,1.2568792996,-59.5611803059
3.6328799250,1.2578799250,-58.1271605107
3.6338805503,1.2588805503,-57.3547800213
3.6348811757,1.2598811757,-56.9782373284
3.6358818011,1.2608818011,-56.7708148095
3.6368824265,1.2618824265,-56.6730949250
3.6378830519,1.2628830519,-56.6657751655
3.6388836773,1.2638836773,-56.7485845256
3.6398843027,1.2648843027,-56.9400327557
3.6408849281,1.2658849281,-57.2973391086
3.6418855535,1.2668855535,-58.0346981773
3.6428861789,1.2678861789,-59.6914003237
3.6438868043,1.2688868043,-57.7127986481
3.6448874296,1.2698874296,-57.1330546735
3.6458880550,1.2708880550,-56.8266336291
3.6468886804,1.2718886804,-56.6608454488
3.6478893058,1.2728893058,-56.5952568441
3.6488899312,1.2738899312,-56.6181267655
3.6498905566,1.2748905566,-56.7349837377
3.6508911820,1.2758911820,-56.9736495530
3.6518918074,1.2768918074,-57.4193491176
3.6528924328,1.2778924328,-58.4835730990
3.6538930582,1.2788930582,-58.4764432338
3.6548936836,1.2798936836,-57.4020464633
3.6558943089,1.2808943089,-56.9454268477
3.6568949343,1.2818949343,-56.6958411315
3.6578955597,1.2828955597,-56.5682050248
3.6588961851,1.2838961851,-56.5348071679
3.6598968105,1.2848968105,-56.5902742855
3.6608974359,1.2858974359,-56.7466468365
3.6618980613,1.2868980613,-57.0451459212
3.6628986867,1.2878986867,-57.6218596488
3.6638993121,1.2888993121,-59.6959208988
3.6648999375,1.2898999375,-57.8871470243
3.6659005629,1.2909005629,-57.1519990331
3.6669011882,1.2919011882,-56.7894000578
3.6679018136,1.2929018136,-56.5915545997
3.6689024390,1.2939024390,-56.5025561566
3.6699030644,1.2949030644,-56.5046086953
3.6709036898,1.2959036898,-56.5988421856
3.6719043152,1.2969043152,-56.8063120943
3.6729049406,1.2979049406,-57.1918404919
3.6739055660,1.2989055660,-58.0151383903
3.6749061914,1.2999061914,-59.0026121645
3.6759068168,1.3009068168,-57.4737820506
3.6769074422,1.3019074422,-56.9443341334
3.6779080675,1.3029080675,-56.6636496399
3.6789086929,1.3039086929,-56.5179428973
3.6799093183,1.3049093183,-56.4718575796
3.6809099437,1.3059099437,-56.5166533670
3.6819105691,1.3069105691,-56.6617024726
3.6829111945,1.3079111945,-56.9435821799
3.6839118199,1.3089118199,-57.4805926164
3.6849124453,1.3099124453,-59.0963401075
3.6859130707,1.3109130707,-57.9570136214
3.6869136961,1.3119136961,-57.1546432555
3.6879143215,1.3129143215,-56.7749683586
3.6889149468,1.3139149468,-56.5714625276
3.6899155722,1.3149155722,-56.4818828445
3.6909161976,1.3159161976,-56.4867681408
3.6919168230,1.3169168230,-56.5871825731
3.6929174484,1.3179174484,-56.8056806188
3.6939180738,1.3189180738,-57.2132220818
3.6949186992,1.3199186992,-58.1124511419
3.6959193246,1.3209193246,-58.7191434213
3.6969199500,1.3219199500,-57.4016079886
3.6979205754,1.3229205754,-56.9081384488
3.6989212008,1.3239212008,-56.6487746301
3.6999218261,1.3249218261,-56.5218026653
3.7009224515,1.3259224515,-56.4957817411
3.7019230769,1.3269230769,-56.5651407158
3.7029237023,1.3279237023,-56.7445739070
3.7039243277,1.3289243277,-57.0849824238
3.7049249531,1.3299249531,-57.7711904982
3.7059255785,1.3309255785,-60.3759327331
3.7069262039,1.3319262039,-57.6450680281
3.7079268293,1.3329268293,-57.0380113734
3.7089274547,1.3339274547,-56.7320637377
3.7099280801,1.3349280801,-56.5772905802
3.7109287054,1.3359287054,-56.5306431584
3.7119293308,1.3369293308,-56.5815434678
3.7129299562,1.3379299562,-56.7404734588
3.7139305816,1.3389305816,-57.0501200502
3.7149312070,1.3399312070,-57.6583501258
3.7159318324,1.3409318324,-60.2653984298
3.7169324578,1.3419324578,-57.8186634220
3.7179330832,1.3429330832,-57.1350975909
3.7189337086,1.3439337086,-56.8027653132
3.7199343340,1.3449343340,-56.6344527269
3.7209349593,1.3459349593,-56.5796839659
3.7219355847,1.3469355847,-56.6254059321
3.7229362101,1.3479362101,-56.7810517133
3.7239368355,1.3489368355,-57.0888190814
3.7249374609,1.3499374609,-57.6964385377
3.7259380863,1.3509380863,-60.3107815513
3.7269387117,1.3519387117,-57.8566263905
3.7279393371,1.3529393371,-57.1753913327
3.7289399625,1.3539399625,-56.8462707617
3.7299405879,1.3549405879,-56.6825111848
3.7309412133,1.3559412133,-56.6342084367
3.7319418386,1.3569418386,-56.6894135432
3.7329424640,1.3579424640,-56.8601109810
3.7339430894,1.3589430894,-57.1960954923
3.7349437148,1.3599437148,-57.8829418494
3.7359443402,1.3609443402,-60.4118190823
3.7369449656,1.3619449656,-57.7507868480
3.7379455910,1.3629455910,-57.1523311698
3.7389462164,1.3639462164,-56.8569013560
3.7399468418,1.3649468418,-56.7165689958
3.7409474672,1.3659474672,-56.6902813068
3.7419480926,1.3669480926,-56.7711879704
3.7429487179,1.3679487179,-56.9785769655
3.7439493433,1.3689493433,-57.3829313258
3.7449499687,1.3699499687,-58.2958477795
3.7459505941,1.3709505941,-58.8328553145
3.7469512195,1.3719512195,-57.5560163886
3.7479518449,1.3729518449,-57.0794443839
3.7489524703,1.3739524703,-56.8397313349
3.7499530957,1.3749530957,-56.7390801886
3.7509537211,1.3759537211,-56.7500982582
3.7519543465,1.3769543465,-56.8749494176
3.7529549719,1.3779549719,-57.1478447454
3.7539555972,1.3789555972,-57.6906901497
3.7549562226,1.3799562226,-59.4294015929
3.7559568480,1.3809568480,-58.1012259289
3.7569574734,1.3819574734,-57.3351036484
3.7579580988,1.3829580988,-56.9809714060
3.7589587242,1.3839587242,-56.8079898493
3.7599593496,1.3849593496,-56.7593574589
3.7609599750,1.3859599750,-56.8226868892
3.7619606004,1.3869606004,-57.0139730650
3.7629612258,1.3879612258,-57.3987775266
3.7639618512,1.3889618512,-58.2607575068
3.7649624765,1.3899624765,-59.0053054965
3.7659631019,1.3909631019,-57.6212209308
3.7669637273,1.3919637273,-57.1273672329
3.7679643527,1.3929643527,-56.8811048448
3.7689649781,1.3939649781,-56.7787296021
3.7699656035,1.3949656035,-56.7920978195
3.7709662289,1.3959662289,-56.9247420432
3.7719668543,1.3969668543,-57.2162458398
3.7729674797,1.3979674797,-57.8137888903
3.7739681051,1.3989681051,-60.4710628054
3.7749687305,1.3999687305,-57.9543611613
3.7759693558,1.4009693558,-57.2758452424
3.7769699812,1.4019699812,-56.9524352188
3.7779706066,1.4029706066,-56.7996986440
3.7789712320,1.4039712320,-56.7702100806
3.7799718574,1.4049718574,-56.8569361045
3.7809724828,1.4059724828,-57.0840969186
3.7819731082,1.4069731082,-57.5434434220
3.7829737336,1.4079737336,-58.7393303102
3.7839743590,1.4089743590,-58.3836377454
3.7849749844,1.4099749844,-57.4304692297
3.7859756098,1.4109756098,-57.0224960291
3.7869762351,1.4119762351,-56.8210576428
3.7879768605,1.4129768605,-56.7534823131
3.7889774859,1.4139774859,-56.8024357023
3.7899781113,1.4149781113,-56.9814252940
3.7909787367,1.4159787367,-57.3531617756
3.7919793621,1.4169793621,-58.1877094406
3.7929799875,1.4179799875,-59.0474033805
3.7939806129,1.4189806129,-57.5973968581
3.7949812383,1.4199812383,-57.0937857236
3.7959818637,1.4209818637,-56.8444513177
3.7969824891,1.4219824891,-56.7425208269
3.7979831144,1.4229831144,-56.7598004278
3.7989837398,1.4239837398,-56.9014654152
3.7999843652,1.4249843652,-57.2128233405
3.8009849906,1.4259849906,-57.8699351937
3.8019856160,1.4269856160,-60.9055550711
3.8029862414,1.4279862414,-57.7793064862
3.8039868668,1.4289868668,-57.1669567636
3.8049874922,1.4299874922,-56.8710132595
3.8059881176,1.4309881176,-56.7385012424
3.8069887430,1.4319887430,-56.7295611512
3.8079893684,1.4329893684,-56.8424929007
3.8089899937,1.4339899937,-57.1114505906
3.8099906191,1.4349906191,-57.6659098542
3.8109912445,1.4359912445,-59.6283560163
3.8119918699,1.4369918699,-57.9698407792
3.8129924953,1.4379924953,-57.2387122197
3.8139931207,1.4389931207,-56.8997586277
3.8149937461,1.4399937461,-56.7414684109
3.8159943715,1.4409943715,-56.7120200318
3.8169949969,1.4419949969,-56.8040553656
3.8179956223,1.4429956223,-57.0445475121
3.8189962477,1.4439962477,-57.5383263464
3.8199968730,1.4449968730,-58.9530088874
3.8209974984,1.4459974984,-58.1477971030
3.8219981238,1.4469981238,-57.3015405339
3.8229987492,1.4479987492,-56.9275219307
3.8239993746,1.4489993746,-56.7501064406
3.8250000000,1.4500000000,-56.7067248389
