a,b,width,active,old_min,collar_min,cross_ratio
0.4375,0.5493061443340549,0.11180614433405489,1,15.749876424717344,1.0162314694417403,0.10382421514392509
0.5493061443340549,0.6931471805599453,0.1438410362258904,2,18.931313466125818,0.7412795988120733,0.09209599741149459
0.6931471805599453,0.8047189562170501,0.11157177565710485,3,26.121687481846223,0.9747623398147561,0.0962502561200414
0.8047189562170501,0.9729550745276566,0.16823611831060648,4,28.734600453476684,0.5110325116207814,0.08951564749543274
0.9729550745276566,1.0397207708399179,0.06676569631226126,5,37.366304556992255,1.4687616991172987,0.07031522360698157
1.0397207708399179,1.0986122886681098,0.05889151782819191,6,38.45311541255022,1.5922340513647213,0.06183482127649621
1.0986122886681098,1.1989476363991853,0.10033534773107555,7,40.3125938487201,1.0080900056729971,0.060550455399981405
1.1989476363991853,1.2824746787307684,0.08352704233158303,8,44.88019344391445,1.1900685177306363,0.07037212954299331
1.2824746787307684,1.3862943611198906,0.1038196823891222,9,47.449895892741154,0.92291886854499,0.07244952126216063
1.3862943611198906,1.416606672028108,0.03031231090821751,10,52.764102389574376,2.255057597951656,0.08811570226421901
1.416606672028108,1.4722194895832201,0.05561281755511205,11,52.97298959011483,1.5997263031047821,0.06191397682186707
1.4722194895832201,1.5677471079645748,0.0955276183813547,12,56.63074148280243,0.9655886823960262,0.07424510867942904
1.5677471079645748,1.6094379124341003,0.041690804469525444,13,59.59430794647822,1.8929783075362532,0.07497228166465147
1.6094379124341003,1.6479184330021646,0.03848052056806428,14,59.87809917606941,1.9748007304679123,0.06767122822542497
1.6479184330021646,1.683647914993237,0.03572948199107251,15,62.4215334574453,2.0506220665563806,0.07866752352001433
1.683647914993237,1.7169936022425731,0.033345687249336065,16,64.84983019045302,2.1212476642832727,0.0758348077139552
1.7169936022425731,1.7328679513998633,0.015874349157290135,17,62.82700409136967,2.896742659990684,0.06979147300491177
1.7328679513998633,1.8054589563221122,0.0725910049222489,18,64.36849288012536,1.2193837999382742,0.08227237429185152
1.8054589563221122,1.856786033352154,0.0513270770300418,19,66.75065348742304,1.614526415508139,0.07661402428495653
1.856786033352154,1.8806000578467812,0.023814024494627217,20,70.88649293628195,2.465977264139358,0.09321578968658277
1.8806000578467812,1.9250738008550292,0.04447374300824802,21,71.27976002041633,1.7650472741538399,0.078014209444021
1.9250738008550292,1.9459101490553132,0.020836348200284016,22,73.33756374502518,2.601959701378687,0.10711602115885625
1.9459101490553132,1.985145956776061,0.03923580772074775,23,74.26190342643437,1.8966981483964664,0.087206636442657
1.985145956776061,2.03876872195286,0.05362276517679887,24,76.3980220975568,1.5162941952113334,0.06937984103818438
2.03876872195286,2.0554369320866557,0.016668210133795824,25,79.98373009889524,2.8272053689790737,0.10665759187577192
2.0554369320866557,2.0794415416798357,0.02400460959318007,26,79.01002542727078,2.433117222367907,0.07741349799137391
2.0794415416798357,2.102346309695483,0.022904768015647115,27,75.83229087124674,2.481603823876646,0.05759156772648781
2.102346309695483,2.1313399385206577,0.028993628825174866,28,80.74780476314339,2.214360255625522,0.09521341124413789
2.1313399385206577,2.1452297205741955,0.013889782053537747,29,82.73895773947213,2.9586967535950115,0.09192278101554474
2.1452297205741955,2.1847239262335107,0.039494205659315273,30,81.30620348014249,1.8449260910827205,0.0984119789256832
2.1847239262335107,2.1972245773362196,0.012500651102708815,31,82.2374014562904,2.1182452972396475,0.08884019647699684
2.1972245773362196,2.209420303898299,0.012195726562079567,32,84.10089986306704,1.9776229285679785,0.08807839078897944
2.209420303898299,2.24431818486607,0.03489788096777069,33,79.04620348002157,1.9776002281800606,0.06860885573915529
2.24431818486607,2.2873554892516914,0.04303730438562159,34,85.82894065604842,1.713168914268203,0.1105451374896395
2.2873554892516914,2.30756025842063,0.02020476916893843,35,86.50252640085266,2.5915274776005925,0.05666208280544923
2.30756025842063,2.317364494114818,0.00980423569418809,36,89.53368955635833,0.628683724226757,0.05157239027820855
2.317364494114818,2.336414417230953,0.01904992311613496,37,85.7278061337603,2.6529470333238763,0.05639895113997713
2.336414417230953,2.3456739411145717,0.009259523883618836,38,87.50842601693282,0.43913592925761497,0.07016470590009237
2.3456739411145717,2.3636939093561704,0.018019968241598683,39,91.56006123668209,2.7109086219614054,0.14744516225062299
2.3636939093561704,2.3978952727983707,0.03420136344220026,40,91.82563436925994,1.9639733822856664,0.09669368003760204
2.3978952727983707,2.4141568686511508,0.016261595852780086,41,95.55050642533614,2.812597732392765,0.07775042182687832
2.4141568686511508,2.4220935432292956,0.007936674578144842,42,88.83066758336219,0.17336700641520836,0.07184394088883153
2.4220935432292956,2.4260151319598084,0.003921588730512848,43,90.78067620605202,0.0012742071205716554,0.0903215480077316
2.4260151319598084,2.4375986616005756,0.011583529640767143,44,91.71720620264972,1.5617244401872357,0.09861743955317014
2.4375986616005756,2.4599904629140625,0.022391801313486948,45,90.32134388038334,2.4510515076500843,0.07047748480655845
2.4599904629140625,2.4672369665653457,0.007246503651283209,46,89.86540330840434,0.09295712275950016,0.07596130987887804
2.4672369665653457,2.5019731529727296,0.03473618640738385,47,95.45102054711957,1.915787429507971,0.06836640515578431
2.5019731529727296,2.508639918407462,0.006666765434732547,48,97.45376601033988,0.05345134249139054,0.12954825276951293
2.508639918407462,2.528122902674154,0.019482984266691705,49,97.48945809664829,2.5979524174904975,0.12258264626286176
2.528122902674154,2.546875100403381,0.018752197729227316,50,97.49587521932487,2.638494216883925,0.09860841651081376
2.546875100403381,2.5589969062083777,0.012121805804996555,51,98.01770902980904,1.8788242217156956,0.0778298260710538
2.5589969062083777,2.5649493574615367,0.005952451253159019,52,93.67213568774393,0.023819210125294817,0.0974687289756891
2.5649493574615367,2.5766457972488896,0.011696439787352908,53,97.83540294989987,1.6050786859576023,0.07919141878106921
2.5766457972488896,2.5936929029203775,0.017047105671487817,54,99.43357297920102,2.737889798677538,0.09282754537598491
2.5936929029203775,2.599248515632913,0.005555612712535574,55,96.51394406773225,0.014880644822286026,0.08401414126512038
2.599248515632913,2.626136714023315,0.026888198390401907,56,100.39984680169542,2.197626951413638,0.07594663936996851
2.626136714023315,2.631345094452443,0.005208380429127857,57,96.23818341933227,0.009619673278373425,0.05749677287597679
2.631345094452443,2.6416018643689942,0.010256769916551445,58,95.5878368172213,0.8151869547651767,0.0582762063229941
2.6416018643689942,2.646652412362246,0.005050547993251886,59,97.11242443145869,0.007722042685836819,0.06509708014789581
2.646652412362246,2.6759290667380333,0.029276654375787192,60,102.9193285185805,2.0782639004795604,0.10843831876938681
2.6759290667380333,2.7035858857300594,0.0276568189920261,61,104.54165204324381,2.1414807235923314,0.1298636048304197
2.7035858857300594,2.7124750087407015,0.008889123010642042,62,105.24859404280696,0.3425248749646638,0.07678287777102577
2.7124750087407015,2.71686100177712,0.004385993036418512,63,105.81667386100935,0.002866410608887926,0.09573090584826909
2.71686100177712,2.72551922678285,0.008658225005730102,64,105.46062229754149,0.30160695626301326,0.08878912074201796
2.72551922678285,2.7382317759657555,0.01271254918290543,65,101.74332150280821,2.2566541351778753,0.10311720823791092
2.7382317759657555,2.7423984667453274,0.00416669077957188,66,97.65466005114976,0.0020194561349752838,0.0973883613699673
2.7423984667453274,2.746530721670274,0.004132254924946732,67,104.65022251035312,0.0018709577484620757,0.09525747326750487
2.746530721670274,2.7627264695658917,0.016195747895617618,68,99.62440979159507,2.763676622470282,0.09427176070963111
2.7627264695658917,2.772588722239781,0.009862252673889405,69,107.02291176892288,0.6595654577862157,0.08833088505162141
2.772588722239781,2.77453804244761,0.0019493202078288974,70,101.11987244821945,9.746584714792873e-06,0.10456138566928173
2.77453804244761,2.7860770160888824,0.011538973641272321,71,101.38684675915043,1.518975020044725,0.14533678573149486
2.7860770160888824,2.7973556898009195,0.011278673712037168,72,111.5926642988791,1.3628577530077208,0.08002160418087087
2.7973556898009195,2.8010594104398505,0.003703720638930985,73,102.44430740712413,0.0008485725381169837,0.09942308585009044
2.8010594104398505,2.8120087530936693,0.01094934265381875,74,105.29031160093719,1.1679241405273801,0.10405442094486393
2.8120087530936693,2.8191773346668727,0.007168581573203436,75,109.83722102942015,0.08722705187748009,0.05928933867281796
2.8191773346668727,2.822723448821619,0.0035461141547461494,76,103.62255317862682,0.0006520111279683632,0.08426799384560935
2.822723448821619,2.833213344056216,0.010489895234597313,77,107.88470532591617,0.9496243857805977,0.0852671043380817
2.833213344056216,2.840086304508534,0.006872960452317667,78,105.13223786691736,0.06536294224732699,0.1166078755177683
2.840086304508534,2.8634238737935984,0.023337569285064586,79,111.61165766870045,2.308019481917706,0.08200672633208454
2.8634238737935984,2.869896456089617,0.0064725822960185475,80,105.19292229204335,0.04358147604673512,0.07673137036541383
2.869896456089617,2.8731015952700765,0.003205139180459504,81,108.92797300581651,0.000312016152665019,0.08245239498483213
2.8731015952700765,2.87945088693864,0.0063492916685636835,82,110.93401880482305,0.03730512444237886,0.08322739498557125
2.87945088693864,2.9010591876885314,0.021608300749891285,83,109.73378079779967,2.3931655300046994,0.15936562532793955
2.9010591876885314,2.910041465176181,0.008982277487649348,84,110.56261768525005,0.36561761302164064,0.1045439728478039
2.910041465176181,2.9188652235829697,0.00882375840678895,85,108.93843896547953,0.32577904366954974,0.10006526936401185
2.9188652235829697,2.9246623899734296,0.005797166390459907,86,110.85625106471223,0.0201001841908864,0.12924045209300714
2.9246623899734296,2.9275359611012135,0.0028735711277838583,87,111.39453720833241,0.00014463018699550592,0.07986894208728348
2.9275359611012135,2.9332340284666483,0.005698067365434767,88,113.13259757829383,0.017309810616736653,0.09162173483682155
2.9332340284666483,2.9416611942441393,0.00842716577749103,89,109.10702391096503,0.24143611648802626,0.09160525431001411
2.9416611942441393,2.9444389791664403,0.002777784922300963,90,106.54200871451684,0.00011210818938231501,0.1008223601452284
2.9444389791664403,2.9526809240272853,0.008241944860845063,91,111.04657575994466,0.2139001468646174,0.09322957064367482
2.9526809240272853,2.960789209821908,0.008108285794622638,92,115.30660547205454,0.19367279817739094,0.0924196264563013
2.960789209821908,2.968768102541213,0.007978892719305186,93,109.32906122633976,0.17875712678427222,0.16027728053102244
2.968768102541213,2.974017494590323,0.00524939204910968,94,111.21733742926251,0.009868816175659571,0.11364396546671376
2.974017494590323,2.981789671809223,0.0077721772189001115,95,116.4336669101977,0.14981494973910772,0.12150537698277718
2.981789671809223,2.9919681403435954,0.010178468534372431,96,116.69527110745818,0.7995404081609198,0.07509058587728264
2.9919681403435954,2.9969807136532847,0.005012573309689294,97,118.13369477959746,0.007314527478752903,0.11012620996571977
