n,a,amplitude,lambda_min
2,0.34657359027997264,0.9802581434685471,-4.554280256316134e-06
3,0.5493061443340549,1.268568201195128,-0.4524867763922907
4,0.6931471805599453,0.6931471805599453,-0.7423094765020375
5,0.8047189562170501,1.4395250311072008,-0.9502197616199091
7,0.9729550745276566,1.4709698080219964,-1.2821517366371111
8,1.0397207708399179,0.49012907173427356,-1.4281214015988466
9,1.0986122886681098,0.7324081924454066,-1.5564635375716385
11,1.1989476363991853,1.4459852557162,-1.7899879080968102
13,1.2824746787307684,1.42277791189169,-2.00616834854873
16,1.3862943611198906,0.34657359027997264,-2.308677304579117
17,1.416606672028108,1.374310338523907,-2.3961160866538025
19,1.4722194895832201,1.3510012584851132,-2.5756582591617834
23,1.5677471079645748,1.3075914784276275,-2.9119486366647043
25,1.6094379124341003,0.6437751649736401,-3.0741515550103875
27,1.6479184330021646,0.4228560670650427,-3.228948068188174
29,1.683647914993237,1.2505822757830298,-3.373130743659097
31,1.7169936022425731,1.2335246180352704,-3.517776993206161
32,1.7328679513998633,0.24506453586713678,-3.594070582771284
37,1.8054589563221122,1.1872624961629703,-3.929967787172436
41,1.856786033352154,1.1599250394033147,-4.189376730276135
43,1.8806000578467812,1.147155280756191,-4.315050029467642
47,1.9250738008550292,1.1232034943781537,-4.559247023653734
49,1.9459101490553132,0.555974328301518,-4.681246989297274
53,1.985145956776061,1.0907230725728783,-4.909841837515947
59,2.03876872195286,1.0617003186112357,-5.243900258002652
61,2.0554369320866557,1.052686926732877,-5.352105328484873
64,2.0794415416798357,0.17328679513998632,-5.516558572809684
67,2.102346309695483,1.0273699220001036,-5.667692044473771
71,2.1313399385206577,1.0117740585649326,-5.871369673839064
73,2.1452297205741955,1.004320589980954,-5.971419741266768
79,2.1847239262335107,0.9832025825075689,-6.264628934087776
81,2.1972245773362196,0.24413606414846883,-6.364403889606595
83,2.209420303898299,0.9700615386543743,-6.454723839219373
89,2.24431818486607,0.9515890072071024,-6.732619396399029
97,2.2873554892516914,0.9289830497236152,-7.090817904233044
101,2.30756025842063,0.9184433103116401,-7.2650236189353325
103,2.317364494114818,0.9133468336918864,-7.35098728366616
107,2.336414417230953,0.9034788282678086,-7.520772876858013
109,2.3456739411145717,0.8986992629431312,-7.6046636768762434
113,2.3636939093561704,0.8894304748010226,-7.770445259431278
121,2.3978952727983707,0.4359809586906129,-8.09672894071536
125,2.4141568686511508,0.28790500622144016,-8.255835962779097
127,2.4220935432292956,0.859704188799702,-8.330896209409893
128,2.4260151319598084,0.12253226793356839,-8.37404703589133
131,2.4375986616005756,0.8518959356607758,-8.485962304450323
137,2.4599904629140625,0.8406846759603316,-8.714774771252255
139,2.4672369665653457,0.8370732327751675,-8.790030446898019
149,2.5019731529727296,0.8198785084787714,-9.159163475791056
151,2.508639918407462,0.8166008851250464,-9.231650852935132
157,2.528122902674154,0.8070646923785828,-9.446575652253422
163,2.546875100403381,0.7979466148820306,-9.657941630531807
167,2.5589969062083777,0.7920845032028089,-9.796943677780925
169,2.5649493574615367,0.394607593455621,-9.868143278419112
173,2.5766457972488896,0.7835950094988348,-10.002595697570959
179,2.5936929029203775,0.775446838185732,-10.205017267934341
181,2.599248515632913,0.7728024825246322,-10.271813543723715
191,2.626136714023315,0.7600823345173429,-10.600919916363047
193,2.631345094452443,0.7576334578568719,-10.66580974709321
197,2.6416018643689942,0.7528253603154123,-10.794711819478138
199,2.646652412362246,0.7504648605254273,-10.858729955743678
211,2.6759290667380333,0.7368742165467923,-11.23681061416083
223,2.7035858857300594,0.7241820072747879,-11.605139735172274
227,2.7124750087407015,0.7201331581734165,-11.72591179281849
229,2.71686100177712,0.7181409139301478,-11.785936249782855
233,2.72551922678285,0.7142188051777699,-11.905284085441721
239,2.7382317759657555,0.7084859575607869,-12.082623337029567
241,2.7423984667453274,0.7066136578341925,-12.141302272133734
243,2.746530721670274,0.14095202235501422,-12.202863589119024
251,2.7627264695658917,0.6975269939520576,-12.431510453280776
256,2.772588722239781,0.08664339756999316,-12.577753165795663
257,2.77453804244761,0.6922837118409257,-12.603147152324633
263,2.7860770160888824,0.6871874740280584,-12.77303983553243
269,2.7973556898009195,0.6822311463982939,-12.941317735574728
271,2.8010594104398505,0.6806089663430008,-12.997071386092669
277,2.8120087530936693,0.6758289244779588,-13.163371263923862
281,2.8191773346668727,0.6727120801174226,-13.273482437579272
283,2.822723448821619,0.6711739693705057,-13.32832702006202
289,2.833213344056216,0.33331921694779015,-13.491651002233287
293,2.840086304508534,0.6636784540357117,-13.60066346701547
307,2.8634238737935984,0.653696929687846,-13.977503790659823
311,2.869896456089617,0.6509475919920862,-14.084392094825832
313,2.8731015952700765,0.6495892150674409,-14.137727613812295
317,2.87945088693864,0.646904296610955,-14.244204221527637
331,2.9010591876885314,0.6378265364003075,-14.615217363877314
337,2.910041465176181,0.63408023826641,-14.773559353382515
343,2.9188652235829697,0.21013854400314233,-14.90235350195984
347,2.9246623899734296,0.6280164132778713,-15.036582595199793
349,2.9275359611012135,0.6268296288014934,-15.08904054730836
353,2.9332340284666483,0.6244811780915263,-15.193785985388798
359,2.9416611942441393,0.6210197591435047,-15.350409348730565
361,2.9444389791664403,0.30994094517541476,-15.366357303883156
367,2.9526809240272853,0.6165147585271876,-15.558066593224796
373,2.960789209821908,0.6132154166673512,-15.712680850410369
379,2.968768102541213,0.6099814970736293,-15.866104393274147
383,2.974017494590323,0.607860780341142,-15.967631071280186
389,2.981789671809223,0.604730950714453,-16.11866046728227
397,2.9919681403435954,0.6006503059505868,-16.317452222776613
401,2.9969807136532847,0.598648299466602,-16.415662406756002
409,3.006857578021401,0.5947181533605773,-16.609593051452094
419,3.0189354599610687,0.5899385935087949,-16.84726958626545
421,3.0213164168411906,0.5889998089494454,-16.894183517586214
431,3.0330540450518737,0.5843882903364338,-17.125817856312562
433,3.035368864001245,0.5834820741278786,-17.171588608205184
439,3.0422497065375858,0.5807946257815964,-17.30788123879684
443,3.046784885022568,0.5790284736477816,-17.39794985866699
449,3.0535114438711273,0.5764164585114053,-17.531980159411578
457,3.0623416954471026,0.5730012097145291,-17.708932757038575
461,3.0666990214983243,0.5713216519336551,-17.79676024447758
463,3.068863527043117,0.5704887328440836,-17.84053064634628
467,3.0731646288344487,0.568836397065783,-17.927809273450052
479,3.0858502987054575,0.5639843959410468,-18.187838052801297
487,3.094132061541295,0.5608340288005226,-18.359906168762148
491,3.09822206389726,0.5592832176517344,-18.445586100728434
499,3.1063030478757594,0.556228889183289,-18.6162264305274
503,3.1102950850498696,0.5547248135805001,-18.70116706168678
509,3.1162240082752612,0.552496802995521,-18.82806169168727
512,3.119162312519754,0.061266133966784195,-18.722703812774366
521,3.1278750208766835,0.54813877072889,-19.07976132600623
523,3.1297907320324616,0.5474247731499208,-19.12141185268864
529,3.1354942159291497,0.27265167095036086,-19.14778510841695
541,3.1467096394232406,0.5411504566929389,-19.491897241640924
547,3.1522244012109906,0.539117531370959,-19.61353000600021
557,3.161282619963642,0.5357913740474692,-19.81412745183927
563,3.1666398140698453,0.5338318256759388,-19.93324519074186
569,3.1719402170631654,0.5318986052567737,-20.051484491669214
571,3.1736946048280053,0.5312599423038833,-20.090712429895497
577,3.17892113325405,0.5293608734977235,-20.207875506609067
587,3.1875124099140484,0.5262508677736629,-20.401571834159036
593,3.192597199498863,0.5244170135825618,-20.516961534538915
599,3.1976307990577246,0.5226066100203186,-20.63181108312707
601,3.199297467267604,0.5220082628951825,-20.669984184838608
607,3.204264395529749,0.5202283193204581,-20.784198247460306
613,3.209182467968106,0.5184706362544658,-20.897983793485256
617,3.212434511952694,0.5173109750337471,-20.97361650398482
619,3.214052636342298,0.5167347300490576,-21.011367545311284
625,3.2188758248682006,0.128755032994728,-20.97574154278866
631,3.2236529312706064,0.5133263876468549,-21.236970948725048
641,3.231514728460335,0.5105486312830422,-21.42375656691885
643,3.2330723621188096,0.5099997108820331,-21.460972355696317
647,3.2361731472504505,0.5089083783891559,-21.53525428728585
653,3.2407885646382155,0.5072874268419334,-21.64628522904353
659,3.2453617672512536,0.5056853820536339,-21.7568162573507
661,3.246876919925843,0.5051555020847205,-21.793543168476198
673,3.255872664822364,0.5020186722914513,-22.01260358314114
677,3.2588356364561375,0.5009889116946994,-22.08510785120743
683,3.263247429785395,0.49945877091883545,-22.193365697267215
691,3.269069911883835,0.4974451215404084,-22.336774029047213
701,3.276253943517295,0.49496961453534666,-22.514557063989653
709,3.2819277632660637,0.49302153729629783,-22.65565603107729
719,3.2889306788605235,0.49062566873616403,-22.830729367540254
727,3.2944632387667596,0.4887395129941082,-22.969843188727335
729,3.295836866004329,0.08137868804948961,-22.843609898497423
733,3.2985728509433256,0.48734227258846147,-23.073680212985014
739,3.3026489604741007,0.4859596235781472,-23.177125781713105
743,3.3053480223588796,0.48504583288951497,-23.245886365542844
751,3.310702825882067,0.4832370476644916,-23.382953095230246
757,3.3146816267187242,0.4818966115596146,-23.48537854819504
761,3.317316678930843,0.48101054265563253,-23.553491944879653
769,3.322545484752822,0.4792562182386834,-23.689321302294747
773,3.325139524293711,0.4783878242017998,-23.757039065003955
787,3.3341141242087016,0.4753933326218997,-23.992999023146844
797,3.3404273393951076,0.47329602833184187,-24.160486800011217
809,3.3478994585292456,0.4708235067151578,-24.36020347394838
811,3.3491340270577066,0.47041600774652953,-24.393346569357085
821,3.355261554726214,0.4683977426533492,-24.558416053751802
823,3.356478100338535,0.46799788636159945,-24.59129756197236
827,3.3589023475118456,0.4672019152393324,-24.65692527541623
829,3.3601100775676476,0.4668057868347095,-24.689670960505893
839,3.366105353233603,0.46484344960443513,-24.852711902542623
841,3.367295829986474,0.23222729861975683,-24.794601938130665
853,3.3743797737458396,0.46214625167368606,-25.079054149993233
857,3.37671895929889,0.4613860894618645,-25.14332324544817
859,3.3778844609921275,0.4610077220621401,-25.175393177669324
863,3.380207345541714,0.46025438477447744,-25.239406437924323
877,3.3882534961860915,0.4576527641478068,-25.462186635585148
881,3.39052881296809,0.45691927236509516,-25.52549776520568
883,3.39166260030198,0.4565541365760285,-25.557099959085736
887,3.3939224911547896,0.4558270578509636,-25.620200935494005
907,3.405071225057568,0.4522541371732741,-25.933797297933125
911,3.407271448629979,0.4515517574713938,-25.99616478347486
919,3.4116430611778434,0.45015888143093435,-26.120574205146397
929,3.417054369406919,0.44843966898911186,-26.27549546000905
937,3.421341641119211,0.44708143796277794,-26.398969042680488
941,3.4234715697926896,0.4464079345445089,-26.460551251160492
947,3.426649546593039,0.4454045938355135,-26.55272894698103
953,3.429807451827101,0.4444094452082254,-26.644667593542724
961,3.4339872044851463,0.22154756157968686,-26.685107508102472
967,3.437099247726647,0.4421186416544965,-26.858223985559388
971,3.4391632341456626,0.44147200176164236,-26.91898096702509
977,3.442243326021391,0.440508482879575,-27.009891334240177
983,3.445304560073583,0.4395525980544077,-27.10052454154663
991,3.449357267164994,0.43828977888743664,-27.220925483431312
997,3.452375384980919,0.43735130189008153,-27.310886306967316
1009,3.4583575101768043,0.43549612491706613,-27.489918832855878
1013,3.4603357521243416,0.4348840790034286,-27.549331679234236
1019,3.4632885166113625,0.4339718626985026,-27.638204066528832
1021,3.4642689090823326,0.4336693374132988,-27.66776283501513
1024,3.4657359027997265,0.04332169878499658,-27.571422848211895
1031,3.46914224200848,0.43216815880238113,-27.81507464151912
1033,3.4701112345598193,0.43187018917007586,-27.844442231162645
1039,3.4730069955496137,0.4309807530367767,-27.932360475094352
1049,3.4777963041981486,0.4295130749353597,-28.078295508227292
1051,3.4787486854384757,0.4292217180186437,-28.10739638943273
1061,3.4834835693069914,0.42777565583699967,-28.25249066464145
1063,3.484425189170974,0.42748856650207273,-28.281430124668432
1069,3.4872394555125226,0.42663149056109756,-28.36809633909398
1087,3.495588443560605,0.4240973064776657,-28.626803433860122
1091,3.4974249929165353,0.42354155353223844,-28.684045645885814
1093,3.4983407440882694,0.42326466924002776,-28.71263431642881
1097,3.500167230137615,0.4227128713200513,-28.76974769061463
1103,3.5028945096267514,0.42189006049587696,-28.855260046004723
1109,3.5056069936751837,0.4210730488273447,-28.940585789936037
1117,3.5092008995346005,0.41999259836244746,-29.054066005195757
1123,3.5118794773692215,0.41918884420194263,-29.138960966260825
1129,3.514543782074831,0.4183906573942635,-29.223670443718696
1151,3.5241932043609414,0.4155105344370562,-29.53264521441488
1153,3.5250612601345295,0.4152522616025334,-29.560603325102356
1163,3.5293790762593322,0.41396959133216166,-29.700055324545122
1171,3.5328066817988586,0.4129537525209031,-29.81120195731748
1181,3.537058408098681,0.4116965939260583,-29.94960279441108
1187,3.539592197304834,0.41094893654950754,-30.032354272599935
1193,3.542113211048958,0.41020618780252993,-30.114886523440866
1201,3.5454549110399918,0.4092233952177872,-30.224586716703104
1213,3.550425954472025,0.40776509828078944,-30.388402957837236
1217,3.5520720464937634,0.4072831736595487,-30.442814062152678
1223,3.554531067843586,0.4065641467142607,-30.524250882519016
1229,3.556978054783017,0.40584970595091674,-30.60547476056411
1231,3.557791063092227,0.4056125693814399,-30.632502715848812
1237,3.5602221861962438,0.40490416467581763,-30.713448795744775
1249,3.565049255062789,0.4035007131412637,-30.874737087320288
1259,3.5690365170221736,0.40234454524411295,-31.00855410241873
1277,3.5761344280162697,0.4002933528411524,-31.248159402460935
1279,3.5769169007894215,0.40006777401055144,-31.27468675032501
1283,3.5784781823078182,0.3996179953185583,-31.327686358553837
1289,3.5808110014695935,0.39894675030957266,-31.40705047664179
1291,3.5815861954233212,0.3987239083333809,-31.4334697032721
1297,3.583904592158222,0.3980580791738731,-31.512622810035666
1301,3.5854442392562524,0.3976164246181212,-31.565305559133943
1303,3.5862122885624226,0.3973962621197153,-31.59162144078191
1307,3.587744856812111,0.39695725895024075,-31.64420264089226
1319,3.5923145763586573,0.3956507142401911,-31.801546153920178
1321,3.5930721522611626,0.3954344670872039,-31.82771215324331
1327,3.5953380171661036,0.3947882850270929,-31.906111194445394
1331,3.596842909197556,0.1314532050651091,-31.87918434419342
1361,3.607987501325733,0.39119739409019094,-32.347535483050265
1367,3.6101869183619746,0.39057588207012733,-32.424920419669405
1369,3.6109179126442243,0.19518475203482294,-32.39292602334898
1373,3.6123767028839855,0.38995792917107946,-32.50214629024458
1381,3.6152815767046462,0.3891394673206751,-32.6048631799024
1399,3.621756487332741,0.3873204081111363,-32.83490741700398
1409,3.62531775594934,0.3863230070748227,-32.96206053287145
1423,3.630261299044926,0.38494211408249857,-33.139290303195324
1427,3.6316648087384182,0.38455083831907383,-33.189759681442006
1429,3.6323650889649337,0.3843557388182997,-33.21496656836553
1433,3.633762713914086,0.38396661085695605,-33.26532496079992
1439,3.635851853443684,0.3833855795062474,-33.34072490796146
1447,3.638623863315742,0.382615790387617,-33.44100398364534
1451,3.640004126442094,0.38223298418999563,-33.491035964009775
1453,3.6406928317851412,0.38204209934974326,-33.51602536571303
1459,3.6427532742613926,0.3814715048724606,-33.59088834573822
1471,3.646848860300719,0.38033948998193556,-33.740149957373475
1481,3.6502364071338995,0.37940535338769127,-33.86407564213871
1483,3.650911171068966,0.37921951830628337,-33.888812063045684
1487,3.6522579732300775,0.3788488322434705,-33.93823710285095
1489,3.6529300163420046,0.3786639792477898,-33.96292594890555
1493,3.654271398769595,0.3782952483252432,-34.01225685541749
1499,3.656276749051299,0.3777445747364153,-34.08613790325375
1511,3.66026348113637,0.37665185270735263,-34.23349528089971
1523,3.664218676447581,0.37557045788857224,-34.38033019722037
1531,3.666838197828842,0.37485572047439186,-34.47793858722561
1543,3.6707419261815804,0.3737927559220524,-34.623938878306106
1549,3.6726824202084343,0.37326533463767453,-34.696756121695145
1553,3.6739719115743434,0.3729152082599674,-34.745233770250074
1559,3.6758999345288883,0.3723922329344576,-34.81784982130685
1567,3.6784591211780104,0.37169902950891676,-34.91448405016943
1571,3.6797338191278106,0.3713541683027179,-34.96272090218832
1579,3.682273507127821,0.3706678932425776,-35.05903358319621
1583,3.683538529940506,0.37032646609122954,-35.10710908374841
1597,3.6879410741075063,0.3691403388505581,-35.2749450201909
1601,3.6891918564983572,0.3688039524170856,-35.32277462312317
1607,3.691062182868756,0.3683014381585199,-35.39441494173834
1609,3.6916840734961918,0.3681344810416608,-35.41826713129166
1613,3.6929255390626046,0.3678013835974205,-35.46592939435584
1619,3.6947819768388177,0.3673037678495101,-35.53731690724927
1621,3.695399260867838,0.36713843431882526,-35.56108435652751
1627,3.697246553609519,0.36664403827081726,-35.6323010329736
1637,3.7003102886855674,0.36582534840416026,-35.75070799548847
1657,3.7063820087132813,0.36420752630359443,-35.98643337943155
1663,3.708189239596464,0.36372718046346747,-36.056866681355196
1667,3.709390441375397,0.3634082145204874,-36.103749366921484
1669,3.7099899618309173,0.36324910885092876,-36.12716889470955
1681,3.713572066704308,0.18114985691240526,-36.223113579523485
1693,3.7171286910665677,0.3613591944206259,-36.40707891447716
1697,3.7183086326171133,0.36104763542931273,-36.45353138178408
1699,3.7188975608359662,0.36089221812953387,-36.476736624271034
1709,3.7218318415577953,0.36011872766630065,-36.59255522945192
1721,3.7253303981057697,0.3591983659829474,-36.73108918104558
1723,3.725911118263965,0.3590457936503967,-36.754131564404936
1733,3.728804644857803,0.3582864144817641,-36.86914801264305
1741,3.7311074698840945,0.35768305341822343,-36.96093098493303
1747,3.732827655067028,0.35723292355384184,-37.02963699392897
1753,3.734541942460617,0.3567848251782082,-37.098232663237916
1759,3.736250372368779,0.3563387423918417,-37.16671984352492
1777,3.7413409140773255,0.35501243121495674,-37.37154748090056
1783,3.74302630893157,0.3545742552950486,-37.43961711130586
1787,3.744146757579714,0.35428321599113977,-37.4849407059647
1789,3.7447060417543594,0.35413801807324197,-37.50758577916696
1801,3.748048672587978,0.3532713003892942,-37.643224282316666
1811,3.7508172289417065,0.3525548295988135,-37.75595567405705
1823,3.7541193873393315,0.3517019180512348,-37.89087591204558
1831,3.7563087723372552,0.3511374118086995,-37.98060688953436
1847,3.76065899009962,0.3500180957786836,-38.15955014814095
1849,3.7612001156935624,0.17493954026481687,-38.14408445996187
1861,3.7644346283211254,0.34904913373572655,-38.31555447019749
1867,3.766044071770861,0.34863680293102806,-38.38224879520226
1871,3.7671141631370446,0.3483628856543162,-38.42665638138982
1873,3.7676483512220442,0.3482262165671569,-38.448843520538865
1877,3.7687150182932543,0.3479534551339622,-38.4931843813405
1879,3.7692474997067325,0.34781736184836215,-38.515338059061584
1889,3.7719014337507546,0.3471397510858669,-38.62593805359038
1901,3.7750676712442144,0.3463328398517756,-38.75828486979596
1907,3.7766433028002093,0.3459319008320916,-38.82430444922865
1913,3.7782139847201264,0.3455326234192994,-38.89022092503195
1931,3.7828966412142573,0.3443446420468162,-39.087349015959425
1933,3.7834142396041655,0.3442135468318653,-39.10919448960254
1949,3.7875358497537803,0.3431711925915261,-39.283543527390336
1951,3.7880486703115555,0.3430416929547665,-39.30528543239653
1973,3.7936552530113077,0.34162867039148503,-39.54369446054584
1979,3.7951734728012827,0.34124690879662267,-39.6084782640922
1987,3.7971906212759086,0.3407402653772616,-39.694701194985825
1993,3.7986981601063974,0.3403620481577777,-39.75925299932452
1997,3.7997006667079076,0.34011073817799414,-39.802233147733446
1999,3.8002011672502,0.33998533248613994,-39.82370702417948
2003,3.801200667832909,0.33973501779121396,-39.866622586489044
2011,3.803193694886326,0.3392363645541077,-39.95232613531779
2017,3.8046832689771057,0.33886409192931954,-40.01649354249226
2027,3.807156073226,0.3382468789028677,-40.12323280197645
2029,3.8076491699129074,0.3381239191931194,-40.14455010072078
2039,3.8101073852872274,0.33751151514239447,-40.25098633659145
2048,3.8123094930796992,0.030633066983392097,-40.289022962790185
2053,3.813528708509467,0.33666078890360734,-40.39958449195726
2063,3.815958256535626,0.3360578097629126,-40.50543863938912
2069,3.8174103388727714,0.3356978744240991,-40.56883857512283
2081,3.820301913196817,0.3349821280404214,-40.695389738860115
2083,3.820782220630486,0.3348633676697017,-40.71644973960052
2087,3.8217414535386003,0.33462629879937317,-40.75854269875211
2089,3.822220380778283,0.3345079896363973,-40.77957571103829
2099,3.8246081599103166,0.33391868336948693,-40.884607078119174
2111,3.82745852392416,0.33321639985458246,-41.01035329959529
2113,3.827932008808028,0.33309986608814185,-41.031280330483874
2129,3.8317038324467396,0.33217282037977924,-41.19838309563763
2131,3.8321733160493086,0.33205758801558244,-41.219231857682786
2137,3.833579127659574,0.33171274793833055,-41.28172611391256
2141,3.8345141442948414,0.3314835656619332,-41.32334559284274
2143,3.8349809977367886,0.33136918693990436,-41.34414231987851
2153,3.8373087486821813,0.33079940537587077,-41.44799567321516
2161,3.8391631782534428,0.33034609657243524,-41.53092164599032
2179,3.84331066747231,0.32933422638667903,-41.716992584585746
2187,3.845143010338384,0.04698400745167141,-41.751646669540726
2197,3.847424036192305,0.10944445476089922,-41.86538795323772
2203,3.8487876734011714,0.3280021539838799,-41.9639707382262
2207,3.8496947031283684,0.32778201015132963,-42.00500832480158
2209,3.8501476017100584,0.16383606815787483,-41.99801625382884
2213,3.851052170025525,0.3274527834320177,-42.066496975869704
2221,3.8528564119472137,0.32701564917131637,-42.14835495699352
2237,3.856445480745065,0.3261476062077141,-42.311633722459305
2239,3.8568923082993773,0.3260396792772299,-42.33200244913486
2243,3.857784767260104,0.32582420813843005,-42.37271244168518
2251,3.859564920453366,0.3253947894372921,-42.45402253502889
2267,3.8631063252537645,0.32454198847988847,-42.616203406721574
2269,3.8635472423899206,0.3244359492946764,-42.63643490940202
2273,3.8644279119262714,0.3242242421005607,-42.67687058845567
2281,3.866184611142194,0.3238023054177175,-42.75763292358942
2287,3.8674980970113904,0.32348713807959073,-42.8181096591293
2293,3.868808141428952,0.3231730649373477,-42.87850538241854
2297,3.869679601344549,0.32296428747648764,-42.9187244114914
2309,3.872284904677248,0.32234083608368463,-43.03916818821994
2311,3.8727178051371904,0.3222373451483126,-43.059211261756914
2333,3.877455136010715,0.3211067266847057,-43.279111902930744
2339,3.8787393832920896,0.32080082780864133,-43.33890514652442
2341,3.879166733745455,0.32069909270397473,-43.35881938923492
2347,3.880446597925512,0.320394577773086,-43.41851199777223
2351,3.8812980242700346,0.3201921408820335,-43.45826558974959
2357,3.8825724514680657,0.3198893406553343,-43.51783433268196
2371,3.885533543032703,0.3191867662416252,-43.65654441895133
2377,3.886797233680097,0.3188873455551228,-43.71587188583503
2381,3.8876379232434313,0.3186882882958742,-43.755384183155485
2383,3.888057738549371,0.3185889259797057,-43.7751286089235
2389,3.889315073662905,0.318291501716757,-43.83431531178013
2393,3.8901515439541865,0.3180937689843022,-43.87373455914469
2399,3.8914036314198475,0.31779799081925325,-43.932806096446285
2401,3.8918202981106265,0.07942490404307401,-43.9184071983786
2411,3.8938984390905853,0.31720936910874253,-44.05074508854027
2417,3.8951411903517417,0.3169165143575952,-44.10961371972012
2423,3.896380860408263,0.316624622948177,-44.168415823592845
2437,3.899261526812603,0.31594725856962125,-44.305364640775096
2441,3.90008153519648,0.31575467409846864,-44.34442756897153
2447,3.9013090317213357,0.3154665816048659,-44.40296793136235
2459,3.9037550211080965,0.3148932003521031,-44.51985518398817
2467,3.9053790582646783,0.3145130061823364,-44.59763743080608
2473,3.906593633760708,0.3142289333066997,-44.65589953906459
2477,3.9074017147446796,0.31404005936865104,-44.69470549583909
2503,3.9126226457158872,0.3128221746267269,-44.946253987278915
2521,3.91620546359396,0.3119888242700201,-45.119701435351296
2531,3.918184880272562,0.3115292597657866,-45.215812187601564
2539,3.919762790852339,0.3111633416724904,-45.29257227930602
2543,3.9205498827110596,0.3109809566156583,-45.330909379724865
2549,3.9217282021880577,0.3107080926189521,-45.38836123549693
2551,3.9221203590709055,0.31061732755502686,-45.407497488899935
2557,3.923294987645593,0.3103455987719275,-45.464863085745804
2579,3.9275785029406722,0.3093564636729008,-45.67464800645463
2591,3.929899590281055,0.3088216500099726,-45.78870697765555
2593,3.930285392769332,0.30873283448981514,-45.80769142289293
2609,3.9333611425683643,0.3080255735264342,-45.95930580412518
2617,3.934891951265073,0.30767410186367583,-46.03493897504093
2621,3.9356556016617033,0.3074989012975835,-46.07271211807156
2633,3.937939579748155,0.3069754256300237,-46.1858581601053
2647,3.940591101113551,0.30636869942021994,-46.317534457118406
2657,3.942476472879907,0.30593793038424116,-46.411374418544426
2659,3.94285269562151,0.3058520352969189,-46.43012107564335
2663,3.943604292906966,0.3056805026453922,-46.46759313750024
2671,3.9451041065549806,0.3053384632771682,-46.54245256810724
2677,3.946226021760176,0.3050828267954157,-46.59852341362477
2683,3.947345425212812,0.3048279513857312,-46.654531450154145
2687,3.9480903043077458,0.30465845532498403,-46.69183542910108
2689,3.948462328134432,0.3045738331245043,-46.710477047454
2693,3.9492055464057993,0.3044048396638392,-46.74773961492948
2699,3.9503183065090024,0.3041519746756372,-46.803582018041574
2707,3.9517981448071504,0.3038159824256313,-46.877943167466256
2711,3.952536424749333,0.3036484813563172,-46.915083147041436
2713,3.9529051563294657,0.3035648540937825,-46.933643044684715
2719,3.9540097223162354,0.3033144637187144,-46.98928256634399
2729,3.9558452603541694,0.30289877614462246,-47.08188219685013
2731,3.9562115607368527,0.30281588184637653,-47.1003823380114
2741,3.958039048151393,0.3024026189174789,-47.19278504484542
2749,3.9594962440826227,0.30207345071874003,-47.266590617471444
2753,3.9602232525713035,0.3019093443744277,-47.303454904977535
2767,3.962759489893463,0.30133746221654995,-47.43228000677425
2777,3.9645632436533997,0.3009313280009761,-47.52410974199011
2789,3.9667191938137445,0.30044652952448614,-47.63410134337451
2791,3.967077616768161,0.3003659997663255,-47.65241182629234
2797,3.9681513466009797,0.3001248707780273,-47.70730676318386
2801,3.9688658876300544,0.2999645004248603,-47.74387308425306
2803,3.969222775582394,0.29988442956171313,-47.762147189294645
2809,3.970291913552122,0.14982233636045744,-47.80210532796938
2819,3.9720687455570562,0.29924658967130097,-47.90812413920814
2833,3.9745457499152583,0.29869242201441193,-48.03554183646873
2837,3.9752512174044257,0.2985347579668877,-48.07189381153408
2843,3.9763075558255,0.29829881623858656,-48.12637774785458
2851,3.977712544456336,0.297985257004797,-48.19894105720573
2857,3.9787637011153865,0.2977508557145706,-48.253302258276584
2861,3.979463246525055,0.2975949521925141,-48.28951393960955
2879,3.982599145306088,0.2968969629546589,-48.45217891015846
2887,3.9839865898314675,0.2965886090813742,-48.524323638600315
2897,3.9857154988846752,0.2962047639814613,-48.614374147170174
2903,3.986749982012315,0.29597530335265515,-48.668334896274125
2909,3.987782329247601,0.295746473845085,-48.72224345318636
2917,3.989155484933861,0.295442344388223,-48.79404028280048
2927,3.9908666433459428,0.2950637421012882,-48.883655598655984
2939,3.9929123332094587,0.2946116886592203,-48.991001932496
2953,3.9952884408719616,0.29408739242399284,-49.11597395383482
2957,3.9959652599262387,0.29393820177864316,-49.151627660780434
2963,3.9969787737867826,0.2937149195428737,-49.205064342538755
2969,3.99799023738188,0.2934922392733967,-49.25844832952037
2971,3.9983269377313038,0.29341814580110753,-49.27623127496018
